ISO-10303-21;
HEADER;
FILE_DESCRIPTION (( 'STEP AP214' ),
    '1' );
FILE_NAME ('CHP5R5L505R-TWV.STEP',
    '2025-12-21T04:34:12',
    ( '' ),
    ( '' ),
    'SwSTEP 2.0',
    'SolidWorks 2022',
    '' );
FILE_SCHEMA (( 'AUTOMOTIVE_DESIGN' ));
ENDSEC;

DATA;
#1 = ORIENTED_EDGE ( 'NONE', *, *, #1085, .T. ) ;
#2 = AXIS2_PLACEMENT_3D ( 'NONE', #1003, #1289, #465 ) ;
#3 = ORIENTED_EDGE ( 'NONE', *, *, #18, .F. ) ;
#4 = PRESENTATION_STYLE_ASSIGNMENT (( #1596 ) ) ;
#5 = CARTESIAN_POINT ( 'NONE',  ( 1.749999999999986233, -2.000000000000012879, -2.999999999999999556 ) ) ;
#6 = PRESENTATION_LAYER_ASSIGNMENT (  '', '', ( #300 ) ) ;
#7 = AXIS2_PLACEMENT_3D ( 'NONE', #1129, #976, #184 ) ;
#8 = DIRECTION ( 'NONE',  ( 6.984544521696091639E-15, 1.000000000000000000, 0.000000000000000000 ) ) ;
#9 = EDGE_CURVE ( 'NONE', #363, #83, #1649, .T. ) ;
#10 =( GEOMETRIC_REPRESENTATION_CONTEXT ( 3 ) GLOBAL_UNCERTAINTY_ASSIGNED_CONTEXT ( ( #999 ) ) GLOBAL_UNIT_ASSIGNED_CONTEXT ( ( #1634, #589, #714 ) ) REPRESENTATION_CONTEXT ( 'NONE', 'WORKASPACE' ) );
#11 = ORIENTED_EDGE ( 'NONE', *, *, #1726, .T. ) ;
#12 = MECHANICAL_DESIGN_GEOMETRIC_PRESENTATION_REPRESENTATION (  '', ( #543 ), #1274 ) ;
#13 = ORIENTED_EDGE ( 'NONE', *, *, #1141, .F. ) ;
#14 =( NAMED_UNIT ( * ) PLANE_ANGLE_UNIT ( ) SI_UNIT ( $, .RADIAN. ) );
#15 = AXIS2_PLACEMENT_3D ( 'NONE', #227, #1560, #1548 ) ;
#16 = PRESENTATION_LAYER_ASSIGNMENT (  '', '', ( #1194 ) ) ;
#17 = EDGE_LOOP ( 'NONE', ( #801, #269, #670, #1522 ) ) ;
#18 = EDGE_CURVE ( 'NONE', #406, #897, #250, .T. ) ;
#19 = UNCERTAINTY_MEASURE_WITH_UNIT (LENGTH_MEASURE( 1.000000000000000082E-05 ), #514, 'distance_accuracy_value', 'NONE');
#20 = PLANE ( 'NONE',  #1236 ) ;
#21 = STYLED_ITEM ( 'NONE', ( #1178 ), #1005 ) ;
#22 = CIRCLE ( 'NONE', #1499, 0.5000000000000000000 ) ;
#23 = ORIENTED_EDGE ( 'NONE', *, *, #1278, .T. ) ;
#24 = ORIENTED_EDGE ( 'NONE', *, *, #1104, .T. ) ;
#25 = EDGE_CURVE ( 'NONE', #325, #1570, #1300, .T. ) ;
#26 = DIRECTION ( 'NONE',  ( -1.000000000000000000, 6.938893903907228378E-15, 0.000000000000000000 ) ) ;
#27 = FILL_AREA_STYLE ('',( #1087 ) ) ;
#28 = PRESENTATION_STYLE_ASSIGNMENT (( #402 ) ) ;
#29 = PRESENTATION_LAYER_ASSIGNMENT (  '', '', ( #1296 ) ) ;
#30 = MECHANICAL_DESIGN_GEOMETRIC_PRESENTATION_REPRESENTATION (  '', ( #413 ), #138 ) ;
#31 = PRESENTATION_LAYER_ASSIGNMENT (  '', '', ( #824 ) ) ;
#32 = CIRCLE ( 'NONE', #65, 4.000000000000000000 ) ;
#33 = STYLED_ITEM ( 'NONE', ( #1442 ), #353 ) ;
#34 = ORIENTED_EDGE ( 'NONE', *, *, #275, .F. ) ;
#35 = SURFACE_SIDE_STYLE ('',( #1395 ) ) ;
#36 = PLANE ( 'NONE',  #605 ) ;
#37 = UNCERTAINTY_MEASURE_WITH_UNIT (LENGTH_MEASURE( 1.000000000000000082E-05 ), #254, 'distance_accuracy_value', 'NONE');
#38 = VERTEX_POINT ( 'NONE', #1402 ) ;
#39 = FACE_OUTER_BOUND ( 'NONE', #1479, .T. ) ;
#40 = PRESENTATION_LAYER_ASSIGNMENT (  '', '', ( #543 ) ) ;
#41 = LINE ( 'NONE', #1637, #886 ) ;
#42 = EDGE_CURVE ( 'NONE', #1124, #706, #219, .T. ) ;
#43 = DIRECTION ( 'NONE',  ( -1.000000000000000000, 6.982962677686266711E-15, 0.000000000000000000 ) ) ;
#44 =( LENGTH_UNIT ( ) NAMED_UNIT ( * ) SI_UNIT ( .MILLI., .METRE. ) );
#45 = AXIS2_PLACEMENT_3D ( 'NONE', #1638, #43, #1620 ) ;
#46 = VERTEX_POINT ( 'NONE', #1382 ) ;
#47 = DIRECTION ( 'NONE',  ( -0.000000000000000000, -0.000000000000000000, 1.000000000000000000 ) ) ;
#48 = DIRECTION ( 'NONE',  ( -0.000000000000000000, -0.000000000000000000, 1.000000000000000000 ) ) ;
#49 = AXIS2_PLACEMENT_3D ( 'NONE', #1298, #1396, #1277 ) ;
#50 = ORIENTED_EDGE ( 'NONE', *, *, #867, .F. ) ;
#51 =( LENGTH_UNIT ( ) NAMED_UNIT ( * ) SI_UNIT ( .MILLI., .METRE. ) );
#52 = SURFACE_SIDE_STYLE ('',( #435 ) ) ;
#53 = CARTESIAN_POINT ( 'NONE',  ( 2.793185071074506684E-14, 4.000000000000000000, -1.224646799147352468E-16 ) ) ;
#54 = ADVANCED_FACE ( 'NONE', ( #587 ), #426, .F. ) ;
#55 = ORIENTED_EDGE ( 'NONE', *, *, #9, .T. ) ;
#56 = DIRECTION ( 'NONE',  ( 6.573688961596322285E-15, 1.000000000000000000, 0.000000000000000000 ) ) ;
#57 = UNCERTAINTY_MEASURE_WITH_UNIT (LENGTH_MEASURE( 1.000000000000000082E-05 ), #51, 'distance_accuracy_value', 'NONE');
#58 = EDGE_LOOP ( 'NONE', ( #294, #552, #481, #664, #412 ) ) ;
#59 =( NAMED_UNIT ( * ) SI_UNIT ( $, .STERADIAN. ) SOLID_ANGLE_UNIT ( ) );
#60 = FILL_AREA_STYLE_COLOUR ( '', #1345 ) ;
#61 = CARTESIAN_POINT ( 'NONE',  ( -8.000000000000000000, 5.586370142149013368E-14, 0.000000000000000000 ) ) ;
#62 = VECTOR ( 'NONE', #128, 1000.000000000000000 ) ;
#63 =( GEOMETRIC_REPRESENTATION_CONTEXT ( 3 ) GLOBAL_UNCERTAINTY_ASSIGNED_CONTEXT ( ( #1123 ) ) GLOBAL_UNIT_ASSIGNED_CONTEXT ( ( #291, #66, #156 ) ) REPRESENTATION_CONTEXT ( 'NONE', 'WORKASPACE' ) );
#64 = SURFACE_SIDE_STYLE ('',( #174 ) ) ;
#65 = AXIS2_PLACEMENT_3D ( 'NONE', #1145, #745, #1646 ) ;
#66 =( NAMED_UNIT ( * ) PLANE_ANGLE_UNIT ( ) SI_UNIT ( $, .RADIAN. ) );
#67 = SURFACE_SIDE_STYLE ('',( #1530 ) ) ;
#68 = ORIENTED_EDGE ( 'NONE', *, *, #1726, .F. ) ;
#69 = DIRECTION ( 'NONE',  ( 2.282530889444661913E-18, 8.673617379884033007E-17, 1.000000000000000000 ) ) ;
#70 = CARTESIAN_POINT ( 'NONE',  ( -8.000000000000000000, 5.586370142149013368E-14, 32.00000000000000000 ) ) ;
#71 = SURFACE_STYLE_USAGE ( .BOTH. , #328 ) ;
#72 = DIRECTION ( 'NONE',  ( -1.000000000000000000, 0.000000000000000000, 0.000000000000000000 ) ) ;
#73 = CARTESIAN_POINT ( 'NONE',  ( -7.999999999999972466, 4.000000000000055955, 0.9999999999999995559 ) ) ;
#74 = DIRECTION ( 'NONE',  ( -0.000000000000000000, -0.000000000000000000, 1.000000000000000000 ) ) ;
#75 = STYLED_ITEM ( 'NONE', ( #988 ), #1473 ) ;
#76 = EDGE_LOOP ( 'NONE', ( #1109, #1321 ) ) ;
#77 = FACE_OUTER_BOUND ( 'NONE', #1379, .T. ) ;
#78 = EDGE_CURVE ( 'NONE', #766, #848, #1041, .T. ) ;
#79 = DIRECTION ( 'NONE',  ( -1.000000000000000000, 0.000000000000000000, 0.000000000000000000 ) ) ;
#80 = CARTESIAN_POINT ( 'NONE',  ( -7.999999999999972466, 4.000000000000055955, -1.224646799147352468E-16 ) ) ;
#81 = SURFACE_STYLE_FILL_AREA ( #1285 ) ;
#82 = COLOUR_RGB ( '',1.000000000000000000, 1.000000000000000000, 1.000000000000000000 ) ;
#83 = VERTEX_POINT ( 'NONE', #1695 ) ;
#84 = DIRECTION ( 'NONE',  ( -6.938893903907228378E-15, -1.000000000000000000, 1.734723475976807341E-16 ) ) ;
#85 = DIRECTION ( 'NONE',  ( 6.573688961596322285E-15, 1.000000000000000000, 0.000000000000000000 ) ) ;
#86 =( NAMED_UNIT ( * ) SI_UNIT ( $, .STERADIAN. ) SOLID_ANGLE_UNIT ( ) );
#87 = CARTESIAN_POINT ( 'NONE',  ( -8.000000000000028422, -3.999999999999944489, 1.499999999999999778 ) ) ;
#88 =( LENGTH_UNIT ( ) NAMED_UNIT ( * ) SI_UNIT ( .MILLI., .METRE. ) );
#89 = COLOUR_RGB ( '',0.000000000000000000, 0.000000000000000000, 0.5019607843137254832 ) ;
#90 =( LENGTH_UNIT ( ) NAMED_UNIT ( * ) SI_UNIT ( .MILLI., .METRE. ) );
#91 = CIRCLE ( 'NONE', #557, 0.5000000000000002220 ) ;
#92 = PRESENTATION_LAYER_ASSIGNMENT (  '', '', ( #845 ) ) ;
#93 = COLOUR_RGB ( '',1.000000000000000000, 1.000000000000000000, 1.000000000000000000 ) ;
#94 = ORIENTED_EDGE ( 'NONE', *, *, #1618, .F. ) ;
#95 = DIRECTION ( 'NONE',  ( 2.282530889444661913E-18, 8.673617379884033007E-17, 1.000000000000000000 ) ) ;
#96 = CIRCLE ( 'NONE', #1710, 0.5000000000000004441 ) ;
#97 =( NAMED_UNIT ( * ) SI_UNIT ( $, .STERADIAN. ) SOLID_ANGLE_UNIT ( ) );
#98 = DIRECTION ( 'NONE',  ( -1.000000000000000000, 0.000000000000000000, 0.000000000000000000 ) ) ;
#99 =( NAMED_UNIT ( * ) PLANE_ANGLE_UNIT ( ) SI_UNIT ( $, .RADIAN. ) );
#100 = DIRECTION ( 'NONE',  ( 1.000000000000000000, -6.938893903907225222E-15, 0.000000000000000000 ) ) ;
#101 = DIRECTION ( 'NONE',  ( 6.573688961596322285E-15, 1.000000000000000000, 0.000000000000000000 ) ) ;
#102 = ORIENTED_EDGE ( 'NONE', *, *, #385, .T. ) ;
#103 = CIRCLE ( 'NONE', #744, 4.000000000000000000 ) ;
#104 = DIRECTION ( 'NONE',  ( 0.000000000000000000, -1.000000000000000000, 0.000000000000000000 ) ) ;
#105 = DIRECTION ( 'NONE',  ( 2.282530889444661913E-18, 8.673617379884033007E-17, 1.000000000000000000 ) ) ;
#106 = CARTESIAN_POINT ( 'NONE',  ( -10.25000000000001421, -1.999999999999929834, -3.000000000000000444 ) ) ;
#107 = SURFACE_STYLE_FILL_AREA ( #795 ) ;
#108 = ADVANCED_FACE ( 'NONE', ( #1328 ), #661, .T. ) ;
#109 = ORIENTED_EDGE ( 'NONE', *, *, #1141, .T. ) ;
#110 = FILL_AREA_STYLE ('',( #491 ) ) ;
#111 = CARTESIAN_POINT ( 'NONE',  ( -2.793185071074506684E-14, -4.000000000000000000, -6.123233995736762338E-17 ) ) ;
#112 = ORIENTED_EDGE ( 'NONE', *, *, #397, .F. ) ;
#113 =( GEOMETRIC_REPRESENTATION_CONTEXT ( 3 ) GLOBAL_UNCERTAINTY_ASSIGNED_CONTEXT ( ( #57 ) ) GLOBAL_UNIT_ASSIGNED_CONTEXT ( ( #51, #1532, #1636 ) ) REPRESENTATION_CONTEXT ( 'NONE', 'WORKASPACE' ) );
#114 = TOROIDAL_SURFACE ( 'NONE', #796, 4.000000000000000000, 0.5000000000000001110 ) ;
#115 = STYLED_ITEM ( 'NONE', ( #1226 ), #208 ) ;
#116 =( GEOMETRIC_REPRESENTATION_CONTEXT ( 3 ) GLOBAL_UNCERTAINTY_ASSIGNED_CONTEXT ( ( #1456 ) ) GLOBAL_UNIT_ASSIGNED_CONTEXT ( ( #44, #1006, #1667 ) ) REPRESENTATION_CONTEXT ( 'NONE', 'WORKASPACE' ) );
#117 = AXIS2_PLACEMENT_3D ( 'NONE', #582, #1113, #1645 ) ;
#118 = VERTEX_POINT ( 'NONE', #636 ) ;
#119 = UNCERTAINTY_MEASURE_WITH_UNIT (LENGTH_MEASURE( 1.000000000000000082E-05 ), #570, 'distance_accuracy_value', 'NONE');
#120 = CIRCLE ( 'NONE', #854, 0.5000000000000000000 ) ;
#121 = ADVANCED_FACE ( 'NONE', ( #235 ), #162, .T. ) ;
#122 = FILL_AREA_STYLE_COLOUR ( '', #89 ) ;
#123 = DIRECTION ( 'NONE',  ( 0.000000000000000000, 1.000000000000000000, -1.224646799147349509E-16 ) ) ;
#124 = VERTEX_POINT ( 'NONE', #106 ) ;
#125 =( NAMED_UNIT ( * ) SI_UNIT ( $, .STERADIAN. ) SOLID_ANGLE_UNIT ( ) );
#126 = DIRECTION ( 'NONE',  ( 1.000000000000000000, 0.000000000000000000, 0.000000000000000000 ) ) ;
#127 = STYLED_ITEM ( 'NONE', ( #230 ), #1199 ) ;
#128 = DIRECTION ( 'NONE',  ( 0.000000000000000000, -1.224646799147350495E-16, -1.000000000000000000 ) ) ;
#129 = CIRCLE ( 'NONE', #1700, 0.5000000000000000000 ) ;
#130 =( LENGTH_UNIT ( ) NAMED_UNIT ( * ) SI_UNIT ( .MILLI., .METRE. ) );
#131 = TOROIDAL_SURFACE ( 'NONE', #1344, 4.000000000000000000, 0.5000000000000002220 ) ;
#132 = SURFACE_SIDE_STYLE ('',( #936 ) ) ;
#133 = SURFACE_STYLE_USAGE ( .BOTH. , #1343 ) ;
#134 = EDGE_LOOP ( 'NONE', ( #599, #1348, #788, #802 ) ) ;
#135 =( LENGTH_UNIT ( ) NAMED_UNIT ( * ) SI_UNIT ( .MILLI., .METRE. ) );
#136 = UNCERTAINTY_MEASURE_WITH_UNIT (LENGTH_MEASURE( 1.000000000000000082E-05 ), #225, 'distance_accuracy_value', 'NONE');
#137 = ORIENTED_EDGE ( 'NONE', *, *, #776, .T. ) ;
#138 =( GEOMETRIC_REPRESENTATION_CONTEXT ( 3 ) GLOBAL_UNCERTAINTY_ASSIGNED_CONTEXT ( ( #1247 ) ) GLOBAL_UNIT_ASSIGNED_CONTEXT ( ( #1214, #932, #1347 ) ) REPRESENTATION_CONTEXT ( 'NONE', 'WORKASPACE' ) );
#139 = AXIS2_PLACEMENT_3D ( 'NONE', #1491, #1651, #1373 ) ;
#140 = CARTESIAN_POINT ( 'NONE',  ( -7.999999999999972466, 4.000000000000055955, 32.00000000000000000 ) ) ;
#141 =( NAMED_UNIT ( * ) SI_UNIT ( $, .STERADIAN. ) SOLID_ANGLE_UNIT ( ) );
#142 = EDGE_CURVE ( 'NONE', #706, #1224, #362, .T. ) ;
#143 = ORIENTED_EDGE ( 'NONE', *, *, #1117, .T. ) ;
#144 = DIRECTION ( 'NONE',  ( 6.982962677686266711E-15, 1.000000000000000000, -0.000000000000000000 ) ) ;
#145 = VERTEX_POINT ( 'NONE', #502 ) ;
#146 = FILL_AREA_STYLE_COLOUR ( '', #329 ) ;
#147 = PRESENTATION_STYLE_ASSIGNMENT (( #1617 ) ) ;
#148 = MECHANICAL_DESIGN_GEOMETRIC_PRESENTATION_REPRESENTATION (  '', ( #1365 ), #205 ) ;
#149 =( NAMED_UNIT ( * ) SI_UNIT ( $, .STERADIAN. ) SOLID_ANGLE_UNIT ( ) );
#150 = ORIENTED_EDGE ( 'NONE', *, *, #751, .F. ) ;
#151 = PRESENTATION_STYLE_ASSIGNMENT (( #1492 ) ) ;
#152 = UNCERTAINTY_MEASURE_WITH_UNIT (LENGTH_MEASURE( 1.000000000000000082E-05 ), #1047, 'distance_accuracy_value', 'NONE');
#153 = DIRECTION ( 'NONE',  ( -1.000000000000000000, 0.000000000000000000, 0.000000000000000000 ) ) ;
#154 = CARTESIAN_POINT ( 'NONE',  ( 1.250000000000000000, -9.085263861988718079E-15, -1.000000000000000000 ) ) ;
#155 = CIRCLE ( 'NONE', #838, 4.000000000000000000 ) ;
#156 =( NAMED_UNIT ( * ) SI_UNIT ( $, .STERADIAN. ) SOLID_ANGLE_UNIT ( ) );
#157 =( NAMED_UNIT ( * ) SI_UNIT ( $, .STERADIAN. ) SOLID_ANGLE_UNIT ( ) );
#158 = VERTEX_POINT ( 'NONE', #1040 ) ;
#159 = CARTESIAN_POINT ( 'NONE',  ( -12.00000000000000000, 5.586370142149013368E-14, -3.043909687039172862 ) ) ;
#160 = COLOUR_RGB ( '',1.000000000000000000, 1.000000000000000000, 1.000000000000000000 ) ;
#161 = AXIS2_PLACEMENT_3D ( 'NONE', #684, #144, #396 ) ;
#162 = TOROIDAL_SURFACE ( 'NONE', #332, 2.000000000000000444, 0.5000000000000004441 ) ;
#163 = TOROIDAL_SURFACE ( 'NONE', #1459, 4.000000000000000000, 0.5000000000000001110 ) ;
#164 = CARTESIAN_POINT ( 'NONE',  ( 0.000000000000000000, 3.500000000000000000, 1.499999999999999778 ) ) ;
#165 = LINE ( 'NONE', #1245, #562 ) ;
#166 = UNCERTAINTY_MEASURE_WITH_UNIT (LENGTH_MEASURE( 1.000000000000000082E-05 ), #1143, 'distance_accuracy_value', 'NONE');
#167 = ORIENTED_EDGE ( 'NONE', *, *, #1166, .F. ) ;
#168 = PRESENTATION_STYLE_ASSIGNMENT (( #1399 ) ) ;
#169 = ADVANCED_FACE ( 'NONE', ( #1578 ), #199, .F. ) ;
#170 = DIRECTION ( 'NONE',  ( 1.000000000000000000, -6.982962677686266711E-15, 0.000000000000000000 ) ) ;
#171 =( NAMED_UNIT ( * ) PLANE_ANGLE_UNIT ( ) SI_UNIT ( $, .RADIAN. ) );
#172 = DIRECTION ( 'NONE',  ( -6.982261990806647766E-15, -1.000000000000000000, -8.673617379884034239E-17 ) ) ;
#173 = PRESENTATION_STYLE_ASSIGNMENT (( #1393 ) ) ;
#174 = SURFACE_STYLE_FILL_AREA ( #1508 ) ;
#175 = EDGE_LOOP ( 'NONE', ( #723, #916, #1293, #1493 ) ) ;
#176 = SURFACE_SIDE_STYLE ('',( #750 ) ) ;
#177 = DIRECTION ( 'NONE',  ( -0.000000000000000000, -0.000000000000000000, 1.000000000000000000 ) ) ;
#178 = DIRECTION ( 'NONE',  ( -0.000000000000000000, -0.000000000000000000, 1.000000000000000000 ) ) ;
#179 = CARTESIAN_POINT ( 'NONE',  ( 2.250000000000000444, -1.251551286087448386E-14, 0.000000000000000000 ) ) ;
#180 =( LENGTH_UNIT ( ) NAMED_UNIT ( * ) SI_UNIT ( .MILLI., .METRE. ) );
#181 = SURFACE_STYLE_FILL_AREA ( #1527 ) ;
#182 = AXIS2_PLACEMENT_3D ( 'NONE', #1291, #736, #1562 ) ;
#183 = DIRECTION ( 'NONE',  ( -1.000000000000000000, 6.938893903907228378E-15, 0.000000000000000000 ) ) ;
#184 = DIRECTION ( 'NONE',  ( 0.000000000000000000, 0.000000000000000000, -1.000000000000000000 ) ) ;
#185 = CARTESIAN_POINT ( 'NONE',  ( 0.000000000000000000, 0.000000000000000000, 1.499999999999999778 ) ) ;
#186 = UNCERTAINTY_MEASURE_WITH_UNIT (LENGTH_MEASURE( 1.000000000000000082E-05 ), #609, 'distance_accuracy_value', 'NONE');
#187 = ORIENTED_EDGE ( 'NONE', *, *, #930, .T. ) ;
#188 = CARTESIAN_POINT ( 'NONE',  ( 1.749999999999991340, -0.5000000000000125455, -1.000000000000000000 ) ) ;
#189 = SURFACE_STYLE_USAGE ( .BOTH. , #1355 ) ;
#190 = FACE_OUTER_BOUND ( 'NONE', #76, .T. ) ;
#191 =( NAMED_UNIT ( * ) SI_UNIT ( $, .STERADIAN. ) SOLID_ANGLE_UNIT ( ) );
#192 = PRODUCT_RELATED_PRODUCT_CATEGORY ( 'part', '', ( #792 ) ) ;
#193 = AXIS2_PLACEMENT_3D ( 'NONE', #1270, #69, #1664 ) ;
#194 = AXIS2_PLACEMENT_3D ( 'NONE', #1374, #588, #737 ) ;
#195 = AXIS2_PLACEMENT_3D ( 'NONE', #369, #1612, #1629 ) ;
#196 = CARTESIAN_POINT ( 'NONE',  ( -8.000000000000028422, -3.999999999999944489, 0.9999999999999995559 ) ) ;
#197 = EDGE_CURVE ( 'NONE', #1216, #1570, #1185, .T. ) ;
#198 = VECTOR ( 'NONE', #573, 1000.000000000000000 ) ;
#199 = TOROIDAL_SURFACE ( 'NONE', #1327, 4.000000000000000000, 0.5000000000000001110 ) ;
#200 = DIRECTION ( 'NONE',  ( 1.000000000000000000, -6.982962677686266711E-15, -0.000000000000000000 ) ) ;
#201 = ORIENTED_EDGE ( 'NONE', *, *, #1388, .T. ) ;
#202 = FILL_AREA_STYLE_COLOUR ( '', #794 ) ;
#203 = CARTESIAN_POINT ( 'NONE',  ( 0.000000000000000000, 0.000000000000000000, 0.000000000000000000 ) ) ;
#204 = CARTESIAN_POINT ( 'NONE',  ( -8.000000000000000000, 5.551115123125782702E-14, 1.499999999999999778 ) ) ;
#205 =( GEOMETRIC_REPRESENTATION_CONTEXT ( 3 ) GLOBAL_UNCERTAINTY_ASSIGNED_CONTEXT ( ( #598 ) ) GLOBAL_UNIT_ASSIGNED_CONTEXT ( ( #1476, #1353, #244 ) ) REPRESENTATION_CONTEXT ( 'NONE', 'WORKASPACE' ) );
#206 = CARTESIAN_POINT ( 'NONE',  ( 1.750000000000000000, -1.257674520083185143E-14, -1.000000000000000000 ) ) ;
#207 = COLOUR_RGB ( '',0.7921568627450980005, 0.8196078431372548767, 0.9333333333333333481 ) ;
#208 = ADVANCED_FACE ( 'NONE', ( #944 ), #20, .F. ) ;
#209 = VERTEX_POINT ( 'NONE', #1088 ) ;
#210 = FILL_AREA_STYLE ('',( #202 ) ) ;
#211 = SURFACE_SIDE_STYLE ('',( #1574 ) ) ;
#212 = CARTESIAN_POINT ( 'NONE',  ( -9.750000000000008882, -1.999999999999933165, -2.499999999999996891 ) ) ;
#213 = FACE_OUTER_BOUND ( 'NONE', #694, .T. ) ;
#214 = VERTEX_POINT ( 'NONE', #154 ) ;
#215 = ADVANCED_FACE ( 'NONE', ( #298 ), #1362, .T. ) ;
#216 = SURFACE_STYLE_USAGE ( .BOTH. , #249 ) ;
#217 =( NAMED_UNIT ( * ) PLANE_ANGLE_UNIT ( ) SI_UNIT ( $, .RADIAN. ) );
#218 = DIRECTION ( 'NONE',  ( -0.000000000000000000, -0.000000000000000000, -1.000000000000000000 ) ) ;
#219 = LINE ( 'NONE', #991, #1653 ) ;
#220 = DIRECTION ( 'NONE',  ( -0.000000000000000000, -0.000000000000000000, 1.000000000000000000 ) ) ;
#221 = VECTOR ( 'NONE', #316, 1000.000000000000000 ) ;
#222 = ORIENTED_EDGE ( 'NONE', *, *, #879, .T. ) ;
#223 = FILL_AREA_STYLE_COLOUR ( '', #1155 ) ;
#224 = SURFACE_SIDE_STYLE ('',( #759 ) ) ;
#225 =( LENGTH_UNIT ( ) NAMED_UNIT ( * ) SI_UNIT ( .MILLI., .METRE. ) );
#226 = DIRECTION ( 'NONE',  ( 1.000000000000000000, 0.000000000000000000, 0.000000000000000000 ) ) ;
#227 = CARTESIAN_POINT ( 'NONE',  ( -9.750000000000014211, -1.999999999999931610, -3.000000000000000888 ) ) ;
#228 = EDGE_CURVE ( 'NONE', #880, #1216, #1545, .T. ) ;
#229 = CARTESIAN_POINT ( 'NONE',  ( 1.749999999999986233, -2.000000000000011990, -3.000000000000000444 ) ) ;
#230 = PRESENTATION_STYLE_ASSIGNMENT (( #1319 ) ) ;
#231 = ORIENTED_EDGE ( 'NONE', *, *, #330, .F. ) ;
#232 = PRESENTATION_STYLE_ASSIGNMENT (( #216 ) ) ;
#233 = MECHANICAL_DESIGN_GEOMETRIC_PRESENTATION_REPRESENTATION (  '', ( #1280 ), #1444 ) ;
#234 = DIRECTION ( 'NONE',  ( 0.000000000000000000, 0.000000000000000000, -1.000000000000000000 ) ) ;
#235 = FACE_OUTER_BOUND ( 'NONE', #1668, .T. ) ;
#236 = CARTESIAN_POINT ( 'NONE',  ( -9.750000000000000000, 6.808789643208967846E-14, -8.673617379884035472E-16 ) ) ;
#237 = ORIENTED_EDGE ( 'NONE', *, *, #1584, .F. ) ;
#238 = DIRECTION ( 'NONE',  ( 1.000000000000000000, -6.982962677686266711E-15, -0.000000000000000000 ) ) ;
#239 = PRESENTATION_LAYER_ASSIGNMENT (  '', '', ( #434 ) ) ;
#240 = CARTESIAN_POINT ( 'NONE',  ( -7.999999999999972466, 4.000000000000052403, 1.499999999999999778 ) ) ;
#241 = DIRECTION ( 'NONE',  ( -0.000000000000000000, -0.000000000000000000, 1.000000000000000000 ) ) ;
#242 = STYLED_ITEM ( 'NONE', ( #592 ), #1220 ) ;
#243 = DIRECTION ( 'NONE',  ( 1.000000000000000000, 0.000000000000000000, 0.000000000000000000 ) ) ;
#244 =( NAMED_UNIT ( * ) SI_UNIT ( $, .STERADIAN. ) SOLID_ANGLE_UNIT ( ) );
#245 = FILL_AREA_STYLE_COLOUR ( '', #1108 ) ;
#246 = AXIS2_PLACEMENT_3D ( 'NONE', #1316, #791, #509 ) ;
#247 = ADVANCED_FACE ( 'NONE', ( #190 ), #1422, .F. ) ;
#248 = ORIENTED_EDGE ( 'NONE', *, *, #827, .F. ) ;
#249 = SURFACE_SIDE_STYLE ('',( #498 ) ) ;
#250 = CIRCLE ( 'NONE', #985, 0.5000000000000004441 ) ;
#251 = FACE_BOUND ( 'NONE', #512, .T. ) ;
#252 = CIRCLE ( 'NONE', #957, 4.000000000000000000 ) ;
#253 = CARTESIAN_POINT ( 'NONE',  ( -7.999999999999972466, 4.000000000000055955, 32.00000000000000000 ) ) ;
#254 =( LENGTH_UNIT ( ) NAMED_UNIT ( * ) SI_UNIT ( .MILLI., .METRE. ) );
#255 = VERTEX_POINT ( 'NONE', #1658 ) ;
#256 =( NAMED_UNIT ( * ) PLANE_ANGLE_UNIT ( ) SI_UNIT ( $, .RADIAN. ) );
#257 = ORIENTED_EDGE ( 'NONE', *, *, #1401, .T. ) ;
#258 = COLOUR_RGB ( '',0.000000000000000000, 0.000000000000000000, 0.5019607843137254832 ) ;
#259 = MECHANICAL_DESIGN_GEOMETRIC_PRESENTATION_REPRESENTATION (  '', ( #281 ), #1223 ) ;
#260 = DIRECTION ( 'NONE',  ( 1.000000000000000000, 0.000000000000000000, 0.000000000000000000 ) ) ;
#261 = DIRECTION ( 'NONE',  ( -6.982261990806647766E-15, -1.000000000000000000, -8.673617379884034239E-17 ) ) ;
#262 = VERTEX_POINT ( 'NONE', #80 ) ;
#263 = EDGE_CURVE ( 'NONE', #766, #83, #1386, .T. ) ;
#264 =( LENGTH_UNIT ( ) NAMED_UNIT ( * ) SI_UNIT ( .MILLI., .METRE. ) );
#265 = ADVANCED_FACE ( 'NONE', ( #621 ), #1681, .T. ) ;
#266 = ORIENTED_EDGE ( 'NONE', *, *, #527, .T. ) ;
#267 = SURFACE_SIDE_STYLE ('',( #283 ) ) ;
#268 = CIRCLE ( 'NONE', #193, 0.5000000000000000000 ) ;
#269 = ORIENTED_EDGE ( 'NONE', *, *, #1054, .T. ) ;
#270 = CARTESIAN_POINT ( 'NONE',  ( 1.749999999999986233, -2.000000000000012879, -2.999999999999999556 ) ) ;
#271 = CIRCLE ( 'NONE', #560, 0.5000000000000000000 ) ;
#272 = DIRECTION ( 'NONE',  ( 1.000000000000000000, 0.000000000000000000, 0.000000000000000000 ) ) ;
#273 = AXIS2_PLACEMENT_3D ( 'NONE', #1276, #608, #690 ) ;
#274 =( GEOMETRIC_REPRESENTATION_CONTEXT ( 3 ) GLOBAL_UNCERTAINTY_ASSIGNED_CONTEXT ( ( #652 ) ) GLOBAL_UNIT_ASSIGNED_CONTEXT ( ( #1725, #526, #517 ) ) REPRESENTATION_CONTEXT ( 'NONE', 'WORKASPACE' ) );
#275 = EDGE_CURVE ( 'NONE', #214, #497, #878, .T. ) ;
#276 = SURFACE_SIDE_STYLE ('',( #303 ) ) ;
#277 = ORIENTED_EDGE ( 'NONE', *, *, #9, .F. ) ;
#278 = ORIENTED_EDGE ( 'NONE', *, *, #888, .T. ) ;
#279 = SURFACE_SIDE_STYLE ('',( #986 ) ) ;
#280 = DIRECTION ( 'NONE',  ( 1.000000000000000000, 0.000000000000000000, 0.000000000000000000 ) ) ;
#281 = STYLED_ITEM ( 'NONE', ( #147 ), #1707 ) ;
#282 = AXIS2_PLACEMENT_3D ( 'NONE', #783, #1231, #1487 ) ;
#283 = SURFACE_STYLE_FILL_AREA ( #555 ) ;
#284 = UNCERTAINTY_MEASURE_WITH_UNIT (LENGTH_MEASURE( 1.000000000000000082E-05 ), #1488, 'distance_accuracy_value', 'NONE');
#285 = EDGE_LOOP ( 'NONE', ( #568, #933, #1313, #994, #1361, #102 ) ) ;
#286 = LINE ( 'NONE', #159, #671 ) ;
#287 =( NAMED_UNIT ( * ) SI_UNIT ( $, .STERADIAN. ) SOLID_ANGLE_UNIT ( ) );
#288 = SURFACE_SIDE_STYLE ('',( #548 ) ) ;
#289 = PRESENTATION_LAYER_ASSIGNMENT (  '', '', ( #1201 ) ) ;
#290 = CARTESIAN_POINT ( 'NONE',  ( 0.000000000000000000, 0.000000000000000000, 2.000000000000001776 ) ) ;
#291 =( LENGTH_UNIT ( ) NAMED_UNIT ( * ) SI_UNIT ( .MILLI., .METRE. ) );
#292 = FILL_AREA_STYLE_COLOUR ( '', #1071 ) ;
#293 = EDGE_CURVE ( 'NONE', #1704, #1228, #1400, .T. ) ;
#294 = ORIENTED_EDGE ( 'NONE', *, *, #1684, .F. ) ;
#295 = LINE ( 'NONE', #326, #953 ) ;
#296 = CIRCLE ( 'NONE', #763, 0.5000000000000000000 ) ;
#297 = FILL_AREA_STYLE ('',( #60 ) ) ;
#298 = FACE_OUTER_BOUND ( 'NONE', #823, .T. ) ;
#299 = AXIS2_PLACEMENT_3D ( 'NONE', #996, #84, #1139 ) ;
#300 = STYLED_ITEM ( 'NONE', ( #427 ), #721 ) ;
#301 = LINE ( 'NONE', #1392, #1613 ) ;
#302 =( GEOMETRIC_REPRESENTATION_CONTEXT ( 3 ) GLOBAL_UNCERTAINTY_ASSIGNED_CONTEXT ( ( #1196 ) ) GLOBAL_UNIT_ASSIGNED_CONTEXT ( ( #409, #666, #141 ) ) REPRESENTATION_CONTEXT ( 'NONE', 'WORKASPACE' ) );
#303 = SURFACE_STYLE_FILL_AREA ( #1507 ) ;
#304 = ORIENTED_EDGE ( 'NONE', *, *, #809, .F. ) ;
#305 = CARTESIAN_POINT ( 'NONE',  ( -2.793185071074506684E-14, -4.000000000000000000, 1.499999999999999778 ) ) ;
#306 = CARTESIAN_POINT ( 'NONE',  ( -9.750000000000014211, -1.999999999999933165, -2.999999999999997335 ) ) ;
#307 = VERTEX_POINT ( 'NONE', #1262 ) ;
#308 = EDGE_CURVE ( 'NONE', #954, #46, #1095, .T. ) ;
#309 = AXIS2_PLACEMENT_3D ( 'NONE', #613, #1020, #338 ) ;
#310 = CARTESIAN_POINT ( 'NONE',  ( 1.749999999999986233, -2.000000000000012879, -2.999999999999999556 ) ) ;
#311 = DIRECTION ( 'NONE',  ( -1.000000000000000000, 6.982962677686266711E-15, 0.000000000000000000 ) ) ;
#312 = DIRECTION ( 'NONE',  ( 1.000000000000000000, -6.982962677686266711E-15, -0.000000000000000000 ) ) ;
#313 = SURFACE_STYLE_USAGE ( .BOTH. , #35 ) ;
#314 = CARTESIAN_POINT ( 'NONE',  ( -7.999999999999976019, 3.500000000000051514, 1.499999999999999778 ) ) ;
#315 = VERTEX_POINT ( 'NONE', #500 ) ;
#316 = DIRECTION ( 'NONE',  ( 0.000000000000000000, 0.000000000000000000, -1.000000000000000000 ) ) ;
#317 = CARTESIAN_POINT ( 'NONE',  ( 1.749999999999986233, -2.000000000000012879, -3.499999999999999556 ) ) ;
#318 = FILL_AREA_STYLE_COLOUR ( '', #160 ) ;
#319 = EDGE_CURVE ( 'NONE', #1124, #1611, #334, .T. ) ;
#320 = CARTESIAN_POINT ( 'NONE',  ( -8.000000000000024869, -3.499999999999944045, 1.499999999999999778 ) ) ;
#321 = PRESENTATION_LAYER_ASSIGNMENT (  '', '', ( #21 ) ) ;
#322 = FACE_OUTER_BOUND ( 'NONE', #554, .T. ) ;
#323 = AXIS2_PLACEMENT_3D ( 'NONE', #1407, #677, #669 ) ;
#324 = SURFACE_SIDE_STYLE ('',( #461 ) ) ;
#325 = VERTEX_POINT ( 'NONE', #1582 ) ;
#326 = CARTESIAN_POINT ( 'NONE',  ( -9.750000000000000000, 0.5000000000000685008, -9.285940779457711213E-16 ) ) ;
#327 = SURFACE_STYLE_FILL_AREA ( #1547 ) ;
#328 = SURFACE_SIDE_STYLE ('',( #614 ) ) ;
#329 = COLOUR_RGB ( '',0.000000000000000000, 0.000000000000000000, 0.5019607843137254832 ) ;
#330 = EDGE_CURVE ( 'NONE', #315, #145, #1506, .T. ) ;
#331 = PRESENTATION_LAYER_ASSIGNMENT (  '', '', ( #1235 ) ) ;
#332 = AXIS2_PLACEMENT_3D ( 'NONE', #384, #1585, #640 ) ;
#333 = CIRCLE ( 'NONE', #799, 3.499999999999999556 ) ;
#334 = CIRCLE ( 'NONE', #1330, 4.000000000000000000 ) ;
#335 = CARTESIAN_POINT ( 'NONE',  ( -7.999999999999972466, 4.000000000000055955, 2.000000000000000000 ) ) ;
#336 = ORIENTED_EDGE ( 'NONE', *, *, #1016, .F. ) ;
#337 =( LENGTH_UNIT ( ) NAMED_UNIT ( * ) SI_UNIT ( .MILLI., .METRE. ) );
#338 = DIRECTION ( 'NONE',  ( 1.000000000000000000, 0.000000000000000000, 0.000000000000000000 ) ) ;
#339 = SURFACE_STYLE_USAGE ( .BOTH. , #1423 ) ;
#340 = CARTESIAN_POINT ( 'NONE',  ( -8.000000000000028422, -3.999999999999944489, -1.224646799147352468E-16 ) ) ;
#341 = CIRCLE ( 'NONE', #571, 0.5000000000000000000 ) ;
#342 = FILL_AREA_STYLE_COLOUR ( '', #1385 ) ;
#343 = ORIENTED_EDGE ( 'NONE', *, *, #1278, .F. ) ;
#344 = DIRECTION ( 'NONE',  ( -1.000000000000000000, 6.982962677686266711E-15, 2.282530889443873052E-18 ) ) ;
#345 = DIRECTION ( 'NONE',  ( -1.000000000000000000, 6.938893903907222067E-15, 0.000000000000000000 ) ) ;
#346 = PRESENTATION_STYLE_ASSIGNMENT (( #653 ) ) ;
#347 = FILL_AREA_STYLE_COLOUR ( '', #1338 ) ;
#348 = ORIENTED_EDGE ( 'NONE', *, *, #1552, .T. ) ;
#349 =( NAMED_UNIT ( * ) PLANE_ANGLE_UNIT ( ) SI_UNIT ( $, .RADIAN. ) );
#350 = VECTOR ( 'NONE', #1027, 1000.000000000000000 ) ;
#351 = CARTESIAN_POINT ( 'NONE',  ( 1.249999999999986233, -2.000000000000009770, -3.000000000000000888 ) ) ;
#352 = EDGE_LOOP ( 'NONE', ( #716, #1162, #237, #1279, #1687, #1615 ) ) ;
#353 = ADVANCED_FACE ( 'NONE', ( #1702, #251, #1324 ), #911, .F. ) ;
#354 = AXIS2_PLACEMENT_3D ( 'NONE', #1431, #1312, #1042 ) ;
#355 = CARTESIAN_POINT ( 'NONE',  ( -9.750000000000014211, -1.999999999999933165, -2.999999999999997335 ) ) ;
#356 = CYLINDRICAL_SURFACE ( 'NONE', #622, 4.000000000000000000 ) ;
#357 = CIRCLE ( 'NONE', #1351, 0.5000000000000004441 ) ;
#358 = SURFACE_SIDE_STYLE ('',( #107 ) ) ;
#359 = DIRECTION ( 'NONE',  ( 2.282530889444661913E-18, 8.673617379884033007E-17, 1.000000000000000000 ) ) ;
#360 = COLOUR_RGB ( '',0.000000000000000000, 0.000000000000000000, 0.5019607843137254832 ) ;
#361 = AXIS2_PLACEMENT_3D ( 'NONE', #756, #101, #1305 ) ;
#362 = CIRCLE ( 'NONE', #477, 4.000000000000000000 ) ;
#363 = VERTEX_POINT ( 'NONE', #1190 ) ;
#364 = DIRECTION ( 'NONE',  ( 1.000000000000000000, 0.000000000000000000, 0.000000000000000000 ) ) ;
#365 = EDGE_CURVE ( 'NONE', #844, #1224, #1588, .T. ) ;
#366 = DIRECTION ( 'NONE',  ( -6.982261990806647766E-15, -1.000000000000000000, -8.673617379884034239E-17 ) ) ;
#367 = SURFACE_STYLE_USAGE ( .BOTH. , #1709 ) ;
#368 = FILL_AREA_STYLE_COLOUR ( '', #258 ) ;
#369 = CARTESIAN_POINT ( 'NONE',  ( -8.000000000000000000, 5.586370142149013368E-14, 2.000000000000000000 ) ) ;
#370 = AXIS2_PLACEMENT_3D ( 'NONE', #306, #56, #1642 ) ;
#371 = CARTESIAN_POINT ( 'NONE',  ( -2.793185071074506684E-14, -4.000000000000000000, 2.000000000000000000 ) ) ;
#372 = ORIENTED_EDGE ( 'NONE', *, *, #397, .T. ) ;
#373 = DIRECTION ( 'NONE',  ( 0.000000000000000000, 0.000000000000000000, -1.000000000000000000 ) ) ;
#374 = ADVANCED_FACE ( 'NONE', ( #523 ), #356, .T. ) ;
#375 = CARTESIAN_POINT ( 'NONE',  ( -12.00000000000000000, 5.551115123125782702E-14, 0.9999999999999993339 ) ) ;
#376 = SURFACE_SIDE_STYLE ('',( #1318 ) ) ;
#377 = EDGE_CURVE ( 'NONE', #1611, #325, #842, .T. ) ;
#378 = EDGE_LOOP ( 'NONE', ( #941, #1068, #1334, #962 ) ) ;
#379 = DIRECTION ( 'NONE',  ( 0.000000000000000000, 0.000000000000000000, -1.000000000000000000 ) ) ;
#380 = AXIS2_PLACEMENT_3D ( 'NONE', #355, #85, #345 ) ;
#381 = UNCERTAINTY_MEASURE_WITH_UNIT (LENGTH_MEASURE( 1.000000000000000082E-05 ), #1665, 'distance_accuracy_value', 'NONE');
#382 =( LENGTH_UNIT ( ) NAMED_UNIT ( * ) SI_UNIT ( .MILLI., .METRE. ) );
#383 = CARTESIAN_POINT ( 'NONE',  ( -7.999999999999972466, 4.000000000000055955, -1.224646799147352468E-16 ) ) ;
#384 = CARTESIAN_POINT ( 'NONE',  ( -9.750000000000014211, -1.999999999999932054, -0.9999999999999997780 ) ) ;
#385 = EDGE_CURVE ( 'NONE', #255, #1221, #296, .T. ) ;
#386 = ORIENTED_EDGE ( 'NONE', *, *, #1117, .F. ) ;
#387 = MECHANICAL_DESIGN_GEOMETRIC_PRESENTATION_REPRESENTATION (  '', ( #1481 ), #625 ) ;
#388 = CYLINDRICAL_SURFACE ( 'NONE', #984, 0.5000000000000004441 ) ;
#389 = MECHANICAL_DESIGN_GEOMETRIC_PRESENTATION_REPRESENTATION (  '', ( #1711 ), #274 ) ;
#390 = ORIENTED_EDGE ( 'NONE', *, *, #940, .F. ) ;
#391 = VECTOR ( 'NONE', #1128, 1000.000000000000000 ) ;
#392 = PRESENTATION_LAYER_ASSIGNMENT (  '', '', ( #699 ) ) ;
#393 = DIRECTION ( 'NONE',  ( -0.000000000000000000, -0.000000000000000000, 1.000000000000000000 ) ) ;
#394 = DIRECTION ( 'NONE',  ( -1.000000000000000000, 6.938893903907228378E-15, 0.000000000000000000 ) ) ;
#395 = EDGE_LOOP ( 'NONE', ( #1542, #1454, #959, #1339, #1463 ) ) ;
#396 = DIRECTION ( 'NONE',  ( -1.000000000000000000, 6.982962677686266711E-15, 0.000000000000000000 ) ) ;
#397 = EDGE_CURVE ( 'NONE', #1611, #46, #286, .T. ) ;
#398 = ORIENTED_EDGE ( 'NONE', *, *, #365, .F. ) ;
#399 = PRESENTATION_LAYER_ASSIGNMENT (  '', '', ( #1246 ) ) ;
#400 = PRESENTATION_STYLE_ASSIGNMENT (( #674 ) ) ;
#401 = AXIS2_PLACEMENT_3D ( 'NONE', #1390, #1102, #431 ) ;
#402 = SURFACE_STYLE_USAGE ( .BOTH. , #288 ) ;
#403 =( LENGTH_UNIT ( ) NAMED_UNIT ( * ) SI_UNIT ( .MILLI., .METRE. ) );
#404 = EDGE_LOOP ( 'NONE', ( #348, #659, #808, #304 ) ) ;
#405 = FILL_AREA_STYLE_COLOUR ( '', #360 ) ;
#406 = VERTEX_POINT ( 'NONE', #696 ) ;
#407 = ADVANCED_FACE ( 'NONE', ( #39 ), #873, .F. ) ;
#408 = VECTOR ( 'NONE', #261, 1000.000000000000000 ) ;
#409 =( LENGTH_UNIT ( ) NAMED_UNIT ( * ) SI_UNIT ( .MILLI., .METRE. ) );
#410 = ORIENTED_EDGE ( 'NONE', *, *, #78, .F. ) ;
#411 = UNCERTAINTY_MEASURE_WITH_UNIT (LENGTH_MEASURE( 1.000000000000000082E-05 ), #1561, 'distance_accuracy_value', 'NONE');
#412 = ORIENTED_EDGE ( 'NONE', *, *, #995, .T. ) ;
#413 = STYLED_ITEM ( 'NONE', ( #1093 ), #695 ) ;
#414 = PRESENTATION_LAYER_ASSIGNMENT (  '', '', ( #115 ) ) ;
#415 = EDGE_CURVE ( 'NONE', #1224, #1366, #1233, .T. ) ;
#416 = CIRCLE ( 'NONE', #506, 1.500000000000000000 ) ;
#417 = AXIS2_PLACEMENT_3D ( 'NONE', #87, #1559, #997 ) ;
#418 =( LENGTH_UNIT ( ) NAMED_UNIT ( * ) SI_UNIT ( .MILLI., .METRE. ) );
#419 = FILL_AREA_STYLE_COLOUR ( '', #903 ) ;
#420 = CARTESIAN_POINT ( 'NONE',  ( -2.793185071074506684E-14, -4.000000000000000000, 32.00000000000000000 ) ) ;
#421 = FACE_OUTER_BOUND ( 'NONE', #352, .T. ) ;
#422 = COLOUR_RGB ( '',0.000000000000000000, 0.000000000000000000, 0.5019607843137254832 ) ;
#423 = SURFACE_STYLE_USAGE ( .BOTH. , #1097 ) ;
#424 = MECHANICAL_DESIGN_GEOMETRIC_PRESENTATION_REPRESENTATION (  '', ( #1194 ), #1398 ) ;
#425 = EDGE_CURVE ( 'NONE', #83, #1224, #91, .T. ) ;
#426 = PLANE ( 'NONE',  #1092 ) ;
#427 = PRESENTATION_STYLE_ASSIGNMENT (( #1641 ) ) ;
#428 = UNCERTAINTY_MEASURE_WITH_UNIT (LENGTH_MEASURE( 1.000000000000000082E-05 ), #1074, 'distance_accuracy_value', 'NONE');
#429 = ORIENTED_EDGE ( 'NONE', *, *, #651, .F. ) ;
#430 = CARTESIAN_POINT ( 'NONE',  ( -7.999999999999972466, 4.000000000000055955, 0.9999999999999995559 ) ) ;
#431 = DIRECTION ( 'NONE',  ( -1.000000000000000000, 0.000000000000000000, -0.000000000000000000 ) ) ;
#432 = CYLINDRICAL_SURFACE ( 'NONE', #1592, 4.000000000000000000 ) ;
#433 = CARTESIAN_POINT ( 'NONE',  ( -8.000000000000028422, -3.999999999999944489, -1.224646799147352468E-16 ) ) ;
#434 = STYLED_ITEM ( 'NONE', ( #173 ), #1034 ) ;
#435 = SURFACE_STYLE_FILL_AREA ( #1252 ) ;
#436 = DIRECTION ( 'NONE',  ( -0.000000000000000000, -0.000000000000000000, -1.000000000000000000 ) ) ;
#437 = EDGE_CURVE ( 'NONE', #315, #897, #1627, .T. ) ;
#438 = ORIENTED_EDGE ( 'NONE', *, *, #776, .F. ) ;
#439 = SURFACE_SIDE_STYLE ('',( #467 ) ) ;
#440 = FACE_OUTER_BOUND ( 'NONE', #1387, .T. ) ;
#441 = EDGE_LOOP ( 'NONE', ( #386, #1230, #1257, #649, #1197 ) ) ;
#442 =( NAMED_UNIT ( * ) PLANE_ANGLE_UNIT ( ) SI_UNIT ( $, .RADIAN. ) );
#443 = DIRECTION ( 'NONE',  ( -1.000000000000000000, 0.000000000000000000, 0.000000000000000000 ) ) ;
#444 = MECHANICAL_DESIGN_GEOMETRIC_PRESENTATION_REPRESENTATION (  '', ( #1597 ), #113 ) ;
#445 = MECHANICAL_DESIGN_GEOMETRIC_PRESENTATION_REPRESENTATION (  '', ( #845 ), #1652 ) ;
#446 = SURFACE_SIDE_STYLE ('',( #1116 ) ) ;
#447 = PRESENTATION_LAYER_ASSIGNMENT (  '', '', ( #768 ) ) ;
#448 = CARTESIAN_POINT ( 'NONE',  ( 1.749999999999951150, -7.000000000000013323, -3.000000000000000888 ) ) ;
#449 =( NAMED_UNIT ( * ) SI_UNIT ( $, .STERADIAN. ) SOLID_ANGLE_UNIT ( ) );
#450 = CYLINDRICAL_SURFACE ( 'NONE', #1657, 4.000000000000000000 ) ;
#451 = UNCERTAINTY_MEASURE_WITH_UNIT (LENGTH_MEASURE( 1.000000000000000082E-05 ), #130, 'distance_accuracy_value', 'NONE');
#452 = VERTEX_POINT ( 'NONE', #420 ) ;
#453 = DIRECTION ( 'NONE',  ( -1.000000000000000000, 0.000000000000000000, 0.000000000000000000 ) ) ;
#454 = COLOUR_RGB ( '',0.000000000000000000, 0.000000000000000000, 0.5019607843137254832 ) ;
#455 = ADVANCED_FACE ( 'NONE', ( #1086 ), #1121, .T. ) ;
#456 =( NAMED_UNIT ( * ) SI_UNIT ( $, .STERADIAN. ) SOLID_ANGLE_UNIT ( ) );
#457 = CARTESIAN_POINT ( 'NONE',  ( 1.750000000000000000, -1.257674520083185143E-14, -1.000000000000000000 ) ) ;
#458 = DIRECTION ( 'NONE',  ( -1.000000000000000000, 0.000000000000000000, 0.000000000000000000 ) ) ;
#459 = PRESENTATION_LAYER_ASSIGNMENT (  '', '', ( #75 ) ) ;
#460 = FILL_AREA_STYLE_COLOUR ( '', #626 ) ;
#461 = SURFACE_STYLE_FILL_AREA ( #1661 ) ;
#462 = VERTEX_POINT ( 'NONE', #832 ) ;
#463 = CARTESIAN_POINT ( 'NONE',  ( -9.750000000000000000, 6.808789643208967846E-14, -6.123233995736762338E-17 ) ) ;
#464 = DIRECTION ( 'NONE',  ( -0.000000000000000000, -0.000000000000000000, -1.000000000000000000 ) ) ;
#465 = DIRECTION ( 'NONE',  ( -1.000000000000000000, 6.573688961596322285E-15, 0.000000000000000000 ) ) ;
#466 = DIRECTION ( 'NONE',  ( -1.000000000000000000, 6.938893903907222067E-15, 0.000000000000000000 ) ) ;
#467 = SURFACE_STYLE_FILL_AREA ( #1137 ) ;
#468 = EDGE_LOOP ( 'NONE', ( #68, #1176, #680, #590 ) ) ;
#469 = CARTESIAN_POINT ( 'NONE',  ( -8.000000000000000000, 5.551115123125782702E-14, 1.499999999999999778 ) ) ;
#470 = FILL_AREA_STYLE_COLOUR ( '', #454 ) ;
#471 = AXIS2_PLACEMENT_3D ( 'NONE', #1011, #1670, #1142 ) ;
#472 =( NAMED_UNIT ( * ) SI_UNIT ( $, .STERADIAN. ) SOLID_ANGLE_UNIT ( ) );
#473 = MECHANICAL_DESIGN_GEOMETRIC_PRESENTATION_REPRESENTATION (  '', ( #33 ), #1460 ) ;
#474 = DIRECTION ( 'NONE',  ( 1.000000000000000000, -6.982962677686266711E-15, -0.000000000000000000 ) ) ;
#475 = COLOUR_RGB ( '',1.000000000000000000, 1.000000000000000000, 1.000000000000000000 ) ;
#476 = FACE_OUTER_BOUND ( 'NONE', #1698, .T. ) ;
#477 = AXIS2_PLACEMENT_3D ( 'NONE', #1172, #511, #243 ) ;
#478 = DIRECTION ( 'NONE',  ( -1.000000000000000000, 0.000000000000000000, 0.000000000000000000 ) ) ;
#479 = MECHANICAL_DESIGN_GEOMETRIC_PRESENTATION_REPRESENTATION (  '', ( #1126 ), #116 ) ;
#480 = FACE_OUTER_BOUND ( 'NONE', #1018, .T. ) ;
#481 = ORIENTED_EDGE ( 'NONE', *, *, #1514, .T. ) ;
#482 =( LENGTH_UNIT ( ) NAMED_UNIT ( * ) SI_UNIT ( .MILLI., .METRE. ) );
#483 =( NAMED_UNIT ( * ) PLANE_ANGLE_UNIT ( ) SI_UNIT ( $, .RADIAN. ) );
#484 = CYLINDRICAL_SURFACE ( 'NONE', #15, 0.5000000000000004441 ) ;
#485 = CARTESIAN_POINT ( 'NONE',  ( -9.750000000000000000, 6.808789643208967846E-14, -1.000000000000000888 ) ) ;
#486 = DIRECTION ( 'NONE',  ( 0.000000000000000000, 0.000000000000000000, 1.000000000000000000 ) ) ;
#487 = VECTOR ( 'NONE', #1350, 1000.000000000000000 ) ;
#488 = EDGE_CURVE ( 'NONE', #880, #325, #1705, .T. ) ;
#489 = FILL_AREA_STYLE ('',( #342 ) ) ;
#490 = EDGE_LOOP ( 'NONE', ( #112, #187, #266, #1168 ) ) ;
#491 = FILL_AREA_STYLE_COLOUR ( '', #1180 ) ;
#492 = FACE_OUTER_BOUND ( 'NONE', #771, .T. ) ;
#493 = DIRECTION ( 'NONE',  ( -6.982261990806647766E-15, -1.000000000000000000, -8.673617379884034239E-17 ) ) ;
#494 = AXIS2_PLACEMENT_3D ( 'NONE', #240, #882, #1692 ) ;
#495 = LINE ( 'NONE', #630, #1238 ) ;
#496 = EDGE_CURVE ( 'NONE', #145, #406, #295, .T. ) ;
#497 = VERTEX_POINT ( 'NONE', #188 ) ;
#498 = SURFACE_STYLE_FILL_AREA ( #1706 ) ;
#499 = CARTESIAN_POINT ( 'NONE',  ( -9.250000000000014211, -1.999999999999934941, -3.000000000000000888 ) ) ;
#500 = CARTESIAN_POINT ( 'NONE',  ( -9.750000000000000000, -0.4999999999999323319, -6.123233995736762338E-17 ) ) ;
#501 = CARTESIAN_POINT ( 'NONE',  ( -2.793185071074506684E-14, -4.000000000000000000, -1.224646799147352468E-16 ) ) ;
#502 = CARTESIAN_POINT ( 'NONE',  ( -9.750000000000000000, 0.5000000000000685008, -6.123233995736762338E-17 ) ) ;
#503 =( GEOMETRIC_REPRESENTATION_CONTEXT ( 3 ) GLOBAL_UNCERTAINTY_ASSIGNED_CONTEXT ( ( #428 ) ) GLOBAL_UNIT_ASSIGNED_CONTEXT ( ( #1074, #945, #86 ) ) REPRESENTATION_CONTEXT ( 'NONE', 'WORKASPACE' ) );
#504 = APPLICATION_CONTEXT ( 'automotive_design' ) ;
#505 = VECTOR ( 'NONE', #713, 1000.000000000000000 ) ;
#506 = AXIS2_PLACEMENT_3D ( 'NONE', #770, #1161, #906 ) ;
#507 = ORIENTED_EDGE ( 'NONE', *, *, #1016, .T. ) ;
#508 = EDGE_CURVE ( 'NONE', #1704, #118, #1540, .T. ) ;
#509 = DIRECTION ( 'NONE',  ( 1.000000000000000000, 0.000000000000000000, 0.000000000000000000 ) ) ;
#510 = LINE ( 'NONE', #383, #1309 ) ;
#511 = DIRECTION ( 'NONE',  ( -0.000000000000000000, -0.000000000000000000, 1.000000000000000000 ) ) ;
#512 = EDGE_LOOP ( 'NONE', ( #1565, #631 ) ) ;
#513 = AXIS2_PLACEMENT_3D ( 'NONE', #203, #1546, #126 ) ;
#514 =( LENGTH_UNIT ( ) NAMED_UNIT ( * ) SI_UNIT ( .MILLI., .METRE. ) );
#515 = FACE_OUTER_BOUND ( 'NONE', #490, .T. ) ;
#516 = ADVANCED_FACE ( 'NONE', ( #77 ), #1406, .T. ) ;
#517 =( NAMED_UNIT ( * ) SI_UNIT ( $, .STERADIAN. ) SOLID_ANGLE_UNIT ( ) );
#518 = FILL_AREA_STYLE_COLOUR ( '', #922 ) ;
#519 = ORIENTED_EDGE ( 'NONE', *, *, #1552, .F. ) ;
#520 = SURFACE_STYLE_FILL_AREA ( #1322 ) ;
#521 = UNCERTAINTY_MEASURE_WITH_UNIT (LENGTH_MEASURE( 1.000000000000000082E-05 ), #1010, 'distance_accuracy_value', 'NONE');
#522 = ORIENTED_EDGE ( 'NONE', *, *, #572, .F. ) ;
#523 = FACE_OUTER_BOUND ( 'NONE', #1061, .T. ) ;
#524 = TOROIDAL_SURFACE ( 'NONE', #354, 4.000000000000000000, 0.5000000000000002220 ) ;
#525 = SURFACE_SIDE_STYLE ('',( #538 ) ) ;
#526 =( NAMED_UNIT ( * ) PLANE_ANGLE_UNIT ( ) SI_UNIT ( $, .RADIAN. ) );
#527 = EDGE_CURVE ( 'NONE', #307, #262, #1133, .T. ) ;
#528 = AXIS2_PLACEMENT_3D ( 'NONE', #457, #987, #311 ) ;
#529 = ORIENTED_EDGE ( 'NONE', *, *, #1251, .T. ) ;
#530 = MECHANICAL_DESIGN_GEOMETRIC_PRESENTATION_REPRESENTATION (  '', ( #1296 ), #728 ) ;
#531 = CARTESIAN_POINT ( 'NONE',  ( -8.000000000000028422, -3.999999999999944489, 1.499999999999999778 ) ) ;
#532 = SHAPE_DEFINITION_REPRESENTATION ( #1718, #978 ) ;
#533 = AXIS2_PLACEMENT_3D ( 'NONE', #1436, #95, #344 ) ;
#534 = MECHANICAL_DESIGN_GEOMETRIC_PRESENTATION_REPRESENTATION (  '', ( #768 ), #1156 ) ;
#535 = ORIENTED_EDGE ( 'NONE', *, *, #275, .T. ) ;
#536 = DIRECTION ( 'NONE',  ( -0.000000000000000000, -0.000000000000000000, 1.000000000000000000 ) ) ;
#537 = AXIS2_PLACEMENT_3D ( 'NONE', #1674, #1017, #1426 ) ;
#538 = SURFACE_STYLE_FILL_AREA ( #1072 ) ;
#539 = CIRCLE ( 'NONE', #1515, 2.500000000000000000 ) ;
#540 =( NAMED_UNIT ( * ) PLANE_ANGLE_UNIT ( ) SI_UNIT ( $, .RADIAN. ) );
#541 = STYLED_ITEM ( 'NONE', ( #1375 ), #1418 ) ;
#542 = APPLICATION_CONTEXT ( 'automotive_design' ) ;
#543 = STYLED_ITEM ( 'NONE', ( #1135 ), #1376 ) ;
#544 = ADVANCED_FACE ( 'NONE', ( #1501 ), #1258, .T. ) ;
#545 = ORIENTED_EDGE ( 'NONE', *, *, #319, .F. ) ;
#546 = ORIENTED_EDGE ( 'NONE', *, *, #1671, .F. ) ;
#547 =( NAMED_UNIT ( * ) SI_UNIT ( $, .STERADIAN. ) SOLID_ANGLE_UNIT ( ) );
#548 = SURFACE_STYLE_FILL_AREA ( #1232 ) ;
#549 =( LENGTH_UNIT ( ) NAMED_UNIT ( * ) SI_UNIT ( .MILLI., .METRE. ) );
#550 = ORIENTED_EDGE ( 'NONE', *, *, #425, .F. ) ;
#551 = COLOUR_RGB ( '',1.000000000000000000, 1.000000000000000000, 1.000000000000000000 ) ;
#552 = ORIENTED_EDGE ( 'NONE', *, *, #968, .F. ) ;
#553 =( NAMED_UNIT ( * ) SI_UNIT ( $, .STERADIAN. ) SOLID_ANGLE_UNIT ( ) );
#554 = EDGE_LOOP ( 'NONE', ( #398, #222, #137, #839 ) ) ;
#555 = FILL_AREA_STYLE ('',( #419 ) ) ;
#556 = UNCERTAINTY_MEASURE_WITH_UNIT (LENGTH_MEASURE( 1.000000000000000082E-05 ), #90, 'distance_accuracy_value', 'NONE');
#557 = AXIS2_PLACEMENT_3D ( 'NONE', #1078, #1467, #1225 ) ;
#558 = ORIENTED_EDGE ( 'NONE', *, *, #1242, .F. ) ;
#559 = DIRECTION ( 'NONE',  ( 0.000000000000000000, 0.000000000000000000, -1.000000000000000000 ) ) ;
#560 = AXIS2_PLACEMENT_3D ( 'NONE', #1151, #1688, #1188 ) ;
#561 = EDGE_CURVE ( 'NONE', #497, #1228, #268, .T. ) ;
#562 = VECTOR ( 'NONE', #47, 1000.000000000000000 ) ;
#563 = COLOUR_RGB ( '',0.000000000000000000, 0.000000000000000000, 0.5019607843137254832 ) ;
#564 = FILL_AREA_STYLE_COLOUR ( '', #1183 ) ;
#565 = PLANE ( 'NONE',  #1608 ) ;
#566 = FACE_OUTER_BOUND ( 'NONE', #1446, .T. ) ;
#567 = DIRECTION ( 'NONE',  ( -1.000000000000000000, 6.938893903907222067E-15, 0.000000000000000000 ) ) ;
#568 = ORIENTED_EDGE ( 'NONE', *, *, #1401, .F. ) ;
#569 = SURFACE_SIDE_STYLE ('',( #951 ) ) ;
#570 =( LENGTH_UNIT ( ) NAMED_UNIT ( * ) SI_UNIT ( .MILLI., .METRE. ) );
#571 = AXIS2_PLACEMENT_3D ( 'NONE', #5, #1038, #1046 ) ;
#572 = EDGE_CURVE ( 'NONE', #145, #315, #357, .T. ) ;
#573 = DIRECTION ( 'NONE',  ( 1.000000000000000000, -6.982962677686266711E-15, -0.000000000000000000 ) ) ;
#574 = ORIENTED_EDGE ( 'NONE', *, *, #1438, .T. ) ;
#575 = DIRECTION ( 'NONE',  ( 1.000000000000000000, -6.982962677686266711E-15, 0.000000000000000000 ) ) ;
#576 = DIRECTION ( 'NONE',  ( -6.982962677686266711E-15, -1.000000000000000000, 0.000000000000000000 ) ) ;
#577 = UNCERTAINTY_MEASURE_WITH_UNIT (LENGTH_MEASURE( 1.000000000000000082E-05 ), #833, 'distance_accuracy_value', 'NONE');
#578 = ORIENTED_EDGE ( 'NONE', *, *, #1514, .F. ) ;
#579 = FILL_AREA_STYLE_COLOUR ( '', #1208 ) ;
#580 =( GEOMETRIC_REPRESENTATION_CONTEXT ( 3 ) GLOBAL_UNCERTAINTY_ASSIGNED_CONTEXT ( ( #1215 ) ) GLOBAL_UNIT_ASSIGNED_CONTEXT ( ( #403, #822, #149 ) ) REPRESENTATION_CONTEXT ( 'NONE', 'WORKASPACE' ) );
#581 = DIRECTION ( 'NONE',  ( -0.000000000000000000, -0.000000000000000000, -1.000000000000000000 ) ) ;
#582 = CARTESIAN_POINT ( 'NONE',  ( 0.000000000000000000, 0.000000000000000000, 32.60393381146050018 ) ) ;
#583 = FILL_AREA_STYLE_COLOUR ( '', #422 ) ;
#584 = FILL_AREA_STYLE ('',( #1253 ) ) ;
#585 = CARTESIAN_POINT ( 'NONE',  ( 0.000000000000000000, 0.000000000000000000, 32.00000000000000000 ) ) ;
#586 = ADVANCED_FACE ( 'NONE', ( #1581 ), #924, .F. ) ;
#587 = FACE_OUTER_BOUND ( 'NONE', #1472, .T. ) ;
#588 = DIRECTION ( 'NONE',  ( 6.984544521696091639E-15, 1.000000000000000000, 0.000000000000000000 ) ) ;
#589 =( NAMED_UNIT ( * ) PLANE_ANGLE_UNIT ( ) SI_UNIT ( $, .RADIAN. ) );
#590 = ORIENTED_EDGE ( 'NONE', *, *, #1077, .T. ) ;
#591 = STYLED_ITEM ( 'NONE', ( #1051 ), #586 ) ;
#592 = PRESENTATION_STYLE_ASSIGNMENT (( #189 ) ) ;
#593 =( GEOMETRIC_REPRESENTATION_CONTEXT ( 3 ) GLOBAL_UNCERTAINTY_ASSIGNED_CONTEXT ( ( #556 ) ) GLOBAL_UNIT_ASSIGNED_CONTEXT ( ( #90, #748, #638 ) ) REPRESENTATION_CONTEXT ( 'NONE', 'WORKASPACE' ) );
#594 = LINE ( 'NONE', #340, #846 ) ;
#595 = PRESENTATION_LAYER_ASSIGNMENT (  '', '', ( #1576 ) ) ;
#596 = DIRECTION ( 'NONE',  ( 1.000000000000000000, 0.000000000000000000, 0.000000000000000000 ) ) ;
#597 = FILL_AREA_STYLE_COLOUR ( '', #868 ) ;
#598 = UNCERTAINTY_MEASURE_WITH_UNIT (LENGTH_MEASURE( 1.000000000000000082E-05 ), #1476, 'distance_accuracy_value', 'NONE');
#599 = ORIENTED_EDGE ( 'NONE', *, *, #572, .T. ) ;
#600 = SURFACE_STYLE_USAGE ( .BOTH. , #740 ) ;
#601 = FILL_AREA_STYLE_COLOUR ( '', #787 ) ;
#602 = DIRECTION ( 'NONE',  ( -0.000000000000000000, -0.000000000000000000, -1.000000000000000000 ) ) ;
#603 = DIRECTION ( 'NONE',  ( -1.000000000000000000, 0.000000000000000000, 0.000000000000000000 ) ) ;
#604 = CARTESIAN_POINT ( 'NONE',  ( -8.000000000000024869, -3.499999999999944045, 1.499999999999999778 ) ) ;
#605 = AXIS2_PLACEMENT_3D ( 'NONE', #1384, #576, #860 ) ;
#606 = PRESENTATION_LAYER_ASSIGNMENT (  '', '', ( #281 ) ) ;
#607 = DIRECTION ( 'NONE',  ( 6.573688961596322285E-15, 1.000000000000000000, 0.000000000000000000 ) ) ;
#608 = DIRECTION ( 'NONE',  ( 1.000000000000000000, -6.982962677686266711E-15, -0.000000000000000000 ) ) ;
#609 =( LENGTH_UNIT ( ) NAMED_UNIT ( * ) SI_UNIT ( .MILLI., .METRE. ) );
#610 = ORIENTED_EDGE ( 'NONE', *, *, #308, .F. ) ;
#611 = EDGE_CURVE ( 'NONE', #816, #158, #271, .T. ) ;
#612 = SURFACE_STYLE_FILL_AREA ( #872 ) ;
#613 = CARTESIAN_POINT ( 'NONE',  ( 0.000000000000000000, 0.000000000000000000, 2.000000000000001776 ) ) ;
#614 = SURFACE_STYLE_FILL_AREA ( #1517 ) ;
#615 = SURFACE_STYLE_USAGE ( .BOTH. , #1409 ) ;
#616 = AXIS2_PLACEMENT_3D ( 'NONE', #585, #220, #1538 ) ;
#617 = SURFACE_SIDE_STYLE ('',( #81 ) ) ;
#618 = AXIS2_PLACEMENT_3D ( 'NONE', #865, #170, #1261 ) ;
#619 = ORIENTED_EDGE ( 'NONE', *, *, #930, .F. ) ;
#620 = APPLICATION_PROTOCOL_DEFINITION ( 'draft international standard', 'automotive_design', 1998, #542 ) ;
#621 = FACE_OUTER_BOUND ( 'NONE', #404, .T. ) ;
#622 = AXIS2_PLACEMENT_3D ( 'NONE', #901, #1439, #226 ) ;
#623 = DIRECTION ( 'NONE',  ( -0.000000000000000000, -0.000000000000000000, -1.000000000000000000 ) ) ;
#624 = ADVANCED_FACE ( 'NONE', ( #898 ), #114, .F. ) ;
#625 =( GEOMETRIC_REPRESENTATION_CONTEXT ( 3 ) GLOBAL_UNCERTAINTY_ASSIGNED_CONTEXT ( ( #1360 ) ) GLOBAL_UNIT_ASSIGNED_CONTEXT ( ( #264, #1217, #547 ) ) REPRESENTATION_CONTEXT ( 'NONE', 'WORKASPACE' ) );
#626 = COLOUR_RGB ( '',0.000000000000000000, 0.000000000000000000, 0.5019607843137254832 ) ;
#627 = STYLED_ITEM ( 'NONE', ( #28 ), #215 ) ;
#628 = CIRCLE ( 'NONE', #1094, 0.5000000000000002220 ) ;
#629 = MECHANICAL_DESIGN_GEOMETRIC_PRESENTATION_REPRESENTATION (  '', ( #1679 ), #800 ) ;
#630 = CARTESIAN_POINT ( 'NONE',  ( -2.793185071074506684E-14, -4.000000000000000000, 0.9999999999999997780 ) ) ;
#631 = ORIENTED_EDGE ( 'NONE', *, *, #508, .T. ) ;
#632 = CARTESIAN_POINT ( 'NONE',  ( 1.250000000000000000, -1.257674520083185143E-14, 0.000000000000000000 ) ) ;
#633 = AXIS2_PLACEMENT_3D ( 'NONE', #1122, #850, #567 ) ;
#634 = FACE_OUTER_BOUND ( 'NONE', #17, .T. ) ;
#635 = CIRCLE ( 'NONE', #309, 4.000000000000000000 ) ;
#636 = CARTESIAN_POINT ( 'NONE',  ( 1.250000000000000000, -9.085263861988718079E-15, 1.141265444721936526E-18 ) ) ;
#637 =( NAMED_UNIT ( * ) SI_UNIT ( $, .STERADIAN. ) SOLID_ANGLE_UNIT ( ) );
#638 =( NAMED_UNIT ( * ) SI_UNIT ( $, .STERADIAN. ) SOLID_ANGLE_UNIT ( ) );
#639 = ORIENTED_EDGE ( 'NONE', *, *, #25, .T. ) ;
#640 = DIRECTION ( 'NONE',  ( -6.982962677686266711E-15, -1.000000000000000000, 0.000000000000000000 ) ) ;
#641 = PRESENTATION_LAYER_ASSIGNMENT (  '', '', ( #864 ) ) ;
#642 = EDGE_CURVE ( 'NONE', #118, #1704, #1091, .T. ) ;
#643 = ORIENTED_EDGE ( 'NONE', *, *, #78, .T. ) ;
#644 = FILL_AREA_STYLE_COLOUR ( '', #1541 ) ;
#645 = PRESENTATION_STYLE_ASSIGNMENT (( #1165 ) ) ;
#646 =( GEOMETRIC_REPRESENTATION_CONTEXT ( 3 ) GLOBAL_UNCERTAINTY_ASSIGNED_CONTEXT ( ( #1084 ) ) GLOBAL_UNIT_ASSIGNED_CONTEXT ( ( #1587, #1295, #1314 ) ) REPRESENTATION_CONTEXT ( 'NONE', 'WORKASPACE' ) );
#647 = STYLED_ITEM ( 'NONE', ( #1120 ), #760 ) ;
#648 = MECHANICAL_DESIGN_GEOMETRIC_PRESENTATION_REPRESENTATION (  '', ( #769 ), #691 ) ;
#649 = ORIENTED_EDGE ( 'NONE', *, *, #1264, .F. ) ;
#650 = CARTESIAN_POINT ( 'NONE',  ( -8.000000000000028422, -3.999999999999944489, 2.000000000000000000 ) ) ;
#651 = EDGE_CURVE ( 'NONE', #118, #214, #890, .T. ) ;
#652 = UNCERTAINTY_MEASURE_WITH_UNIT (LENGTH_MEASURE( 1.000000000000000082E-05 ), #1725, 'distance_accuracy_value', 'NONE');
#653 = SURFACE_STYLE_USAGE ( .BOTH. , #1198 ) ;
#654 = SURFACE_STYLE_FILL_AREA ( #1712 ) ;
#655 =( NAMED_UNIT ( * ) SI_UNIT ( $, .STERADIAN. ) SOLID_ANGLE_UNIT ( ) );
#656 = PRESENTATION_LAYER_ASSIGNMENT (  '', '', ( #1280 ) ) ;
#657 = EDGE_LOOP ( 'NONE', ( #1008, #11, #1340, #410 ) ) ;
#658 = PRODUCT_DEFINITION_FORMATION_WITH_SPECIFIED_SOURCE ( 'ANY', '', #792, .NOT_KNOWN. ) ;
#659 = ORIENTED_EDGE ( 'NONE', *, *, #365, .T. ) ;
#660 = FILL_AREA_STYLE ('',( #122 ) ) ;
#661 = CYLINDRICAL_SURFACE ( 'NONE', #1211, 0.5000000000000002220 ) ;
#662 = PRESENTATION_STYLE_ASSIGNMENT (( #1207 ) ) ;
#663 = ORIENTED_EDGE ( 'NONE', *, *, #867, .T. ) ;
#664 = ORIENTED_EDGE ( 'NONE', *, *, #827, .T. ) ;
#665 = FILL_AREA_STYLE ('',( #1494 ) ) ;
#666 =( NAMED_UNIT ( * ) PLANE_ANGLE_UNIT ( ) SI_UNIT ( $, .RADIAN. ) );
#667 = EDGE_CURVE ( 'NONE', #1216, #1195, #1163, .T. ) ;
#668 = FILL_AREA_STYLE ('',( #1550 ) ) ;
#669 = DIRECTION ( 'NONE',  ( -1.000000000000000000, 0.000000000000000000, 0.000000000000000000 ) ) ;
#670 = ORIENTED_EDGE ( 'NONE', *, *, #197, .F. ) ;
#671 = VECTOR ( 'NONE', #1241, 1000.000000000000000 ) ;
#672 = CLOSED_SHELL ( 'NONE', ( #121, #1462, #834, #169, #760, #407, #1489, #544, #1005, #1034, #215, #1199, #1376, #586, #1418, #624, #265, #1707, #353, #721, #695, #374, #1453, #208, #707, #685, #1473, #828, #1220, #1210, #1655, #108, #1320, #1523, #54, #516, #455, #1189, #247 ) ) ;
#673 = VECTOR ( 'NONE', #238, 1000.000000000000000 ) ;
#674 = SURFACE_STYLE_USAGE ( .BOTH. , #960 ) ;
#675 = DIRECTION ( 'NONE',  ( -1.000000000000000000, -0.000000000000000000, -0.000000000000000000 ) ) ;
#676 = VECTOR ( 'NONE', #993, 1000.000000000000000 ) ;
#677 = DIRECTION ( 'NONE',  ( -0.000000000000000000, -0.000000000000000000, -1.000000000000000000 ) ) ;
#678 = ORIENTED_EDGE ( 'NONE', *, *, #611, .F. ) ;
#679 = SURFACE_SIDE_STYLE ('',( #956 ) ) ;
#680 = ORIENTED_EDGE ( 'NONE', *, *, #415, .T. ) ;
#681 = CARTESIAN_POINT ( 'NONE',  ( 0.000000000000000000, 0.000000000000000000, 1.000000000000000888 ) ) ;
#682 = DIRECTION ( 'NONE',  ( -1.000000000000000000, 6.982962677686266711E-15, 0.000000000000000000 ) ) ;
#683 = ORIENTED_EDGE ( 'NONE', *, *, #197, .T. ) ;
#684 = CARTESIAN_POINT ( 'NONE',  ( -8.000000000000028422, -3.999999999999944489, 2.000000000000000000 ) ) ;
#685 = ADVANCED_FACE ( 'NONE', ( #1026 ), #789, .F. ) ;
#686 = CIRCLE ( 'NONE', #380, 0.5000000000000004441 ) ;
#687 = ORIENTED_EDGE ( 'NONE', *, *, #308, .T. ) ;
#688 =( NAMED_UNIT ( * ) PLANE_ANGLE_UNIT ( ) SI_UNIT ( $, .RADIAN. ) );
#689 = CARTESIAN_POINT ( 'NONE',  ( -8.000000000000000000, 5.586370142149013368E-14, -3.043909687039172862 ) ) ;
#690 = DIRECTION ( 'NONE',  ( 6.938893903907222067E-15, 1.000000000000000000, 0.000000000000000000 ) ) ;
#691 =( GEOMETRIC_REPRESENTATION_CONTEXT ( 3 ) GLOBAL_UNCERTAINTY_ASSIGNED_CONTEXT ( ( #1377 ) ) GLOBAL_UNIT_ASSIGNED_CONTEXT ( ( #1154, #483, #1250 ) ) REPRESENTATION_CONTEXT ( 'NONE', 'WORKASPACE' ) );
#692 = UNCERTAINTY_MEASURE_WITH_UNIT (LENGTH_MEASURE( 1.000000000000000082E-05 ), #1464, 'distance_accuracy_value', 'NONE');
#693 = AXIS2_PLACEMENT_3D ( 'NONE', #469, #1420, #453 ) ;
#694 = EDGE_LOOP ( 'NONE', ( #201, #1397, #1101, #545 ) ) ;
#695 = ADVANCED_FACE ( 'NONE', ( #1484 ), #1182, .F. ) ;
#696 = CARTESIAN_POINT ( 'NONE',  ( -9.750000000000000000, 0.5000000000000685008, -1.000000000000000888 ) ) ;
#697 = PRESENTATION_LAYER_ASSIGNMENT (  '', '', ( #413 ) ) ;
#698 = AXIS2_PLACEMENT_3D ( 'NONE', #206, #359, #1563 ) ;
#699 = STYLED_ITEM ( 'NONE', ( #346 ), #374 ) ;
#700 = MECHANICAL_DESIGN_GEOMETRIC_PRESENTATION_REPRESENTATION (  '', ( #541 ), #10 ) ;
#701 = DIRECTION ( 'NONE',  ( -1.000000000000000000, 0.000000000000000000, 0.000000000000000000 ) ) ;
#702 = FILL_AREA_STYLE_COLOUR ( '', #1002 ) ;
#703 = ORIENTED_EDGE ( 'NONE', *, *, #1610, .T. ) ;
#704 = FACE_OUTER_BOUND ( 'NONE', #657, .T. ) ;
#705 = CARTESIAN_POINT ( 'NONE',  ( -7.999999999999972466, 4.000000000000055955, 32.00000000000000000 ) ) ;
#706 = VERTEX_POINT ( 'NONE', #1059 ) ;
#707 = ADVANCED_FACE ( 'NONE', ( #1595 ), #388, .F. ) ;
#708 = CARTESIAN_POINT ( 'NONE',  ( -8.000000000000000000, 5.586370142149013368E-14, -3.043909687039172862 ) ) ;
#709 = CARTESIAN_POINT ( 'NONE',  ( 4.000000000000000000, 0.000000000000000000, 1.499999999999999778 ) ) ;
#710 = AXIS2_PLACEMENT_3D ( 'NONE', #1502, #177, #272 ) ;
#711 = CARTESIAN_POINT ( 'NONE',  ( -9.750000000000000000, 6.808789643208967846E-14, -1.000000000000000888 ) ) ;
#712 = PRESENTATION_STYLE_ASSIGNMENT (( #858 ) ) ;
#713 = DIRECTION ( 'NONE',  ( 1.000000000000000000, -6.982962677686266711E-15, -0.000000000000000000 ) ) ;
#714 =( NAMED_UNIT ( * ) SI_UNIT ( $, .STERADIAN. ) SOLID_ANGLE_UNIT ( ) );
#715 = UNCERTAINTY_MEASURE_WITH_UNIT (LENGTH_MEASURE( 1.000000000000000082E-05 ), #810, 'distance_accuracy_value', 'NONE');
#716 = ORIENTED_EDGE ( 'NONE', *, *, #1166, .T. ) ;
#717 = MECHANICAL_DESIGN_GEOMETRIC_PRESENTATION_REPRESENTATION (  '', ( #434 ), #580 ) ;
#718 = DIRECTION ( 'NONE',  ( 1.000000000000000000, 0.000000000000000000, 0.000000000000000000 ) ) ;
#719 = DIRECTION ( 'NONE',  ( 0.000000000000000000, 0.000000000000000000, -1.000000000000000000 ) ) ;
#720 = PRESENTATION_STYLE_ASSIGNMENT (( #615 ) ) ;
#721 = ADVANCED_FACE ( 'NONE', ( #322 ), #1237, .T. ) ;
#722 =( LENGTH_UNIT ( ) NAMED_UNIT ( * ) SI_UNIT ( .MILLI., .METRE. ) );
#723 = ORIENTED_EDGE ( 'NONE', *, *, #437, .F. ) ;
#724 = DIRECTION ( 'NONE',  ( 1.000000000000000000, 0.000000000000000000, 0.000000000000000000 ) ) ;
#725 = CARTESIAN_POINT ( 'NONE',  ( -8.000000000000028422, -3.999999999999944489, -1.224646799147352468E-16 ) ) ;
#726 = VERTEX_POINT ( 'NONE', #335 ) ;
#727 = DIRECTION ( 'NONE',  ( 0.000000000000000000, 1.000000000000000000, -1.224646799147349509E-16 ) ) ;
#728 =( GEOMETRIC_REPRESENTATION_CONTEXT ( 3 ) GLOBAL_UNCERTAINTY_ASSIGNED_CONTEXT ( ( #715 ) ) GLOBAL_UNIT_ASSIGNED_CONTEXT ( ( #810, #688, #1205 ) ) REPRESENTATION_CONTEXT ( 'NONE', 'WORKASPACE' ) );
#729 = FACE_OUTER_BOUND ( 'NONE', #285, .T. ) ;
#730 = DIRECTION ( 'NONE',  ( 0.000000000000000000, 0.000000000000000000, -1.000000000000000000 ) ) ;
#731 = TOROIDAL_SURFACE ( 'NONE', #1544, 4.000000000000000000, 0.5000000000000002220 ) ;
#732 = DIRECTION ( 'NONE',  ( -0.000000000000000000, -0.000000000000000000, -1.000000000000000000 ) ) ;
#733 =( GEOMETRIC_REPRESENTATION_CONTEXT ( 3 ) GLOBAL_UNCERTAINTY_ASSIGNED_CONTEXT ( ( #1625 ) ) GLOBAL_UNIT_ASSIGNED_CONTEXT ( ( #418, #540, #553 ) ) REPRESENTATION_CONTEXT ( 'NONE', 'WORKASPACE' ) );
#734 = CIRCLE ( 'NONE', #633, 0.5000000000000004441 ) ;
#735 = EDGE_CURVE ( 'NONE', #726, #848, #1130, .T. ) ;
#736 = DIRECTION ( 'NONE',  ( -1.000000000000000000, -0.000000000000000000, -0.000000000000000000 ) ) ;
#737 = DIRECTION ( 'NONE',  ( -1.000000000000000000, 6.938893903907228378E-15, 0.000000000000000000 ) ) ;
#738 = SURFACE_STYLE_USAGE ( .BOTH. , #324 ) ;
#739 = EDGE_LOOP ( 'NONE', ( #277, #862, #1471, #550 ) ) ;
#740 = SURFACE_SIDE_STYLE ('',( #612 ) ) ;
#741 =( NAMED_UNIT ( * ) PLANE_ANGLE_UNIT ( ) SI_UNIT ( $, .RADIAN. ) );
#742 = DIRECTION ( 'NONE',  ( 0.000000000000000000, -1.000000000000000000, 0.000000000000000000 ) ) ;
#743 = CARTESIAN_POINT ( 'NONE',  ( 4.000000000000000000, 0.000000000000000000, 32.00000000000000000 ) ) ;
#744 = AXIS2_PLACEMENT_3D ( 'NONE', #1440, #623, #603 ) ;
#745 = DIRECTION ( 'NONE',  ( -0.000000000000000000, -0.000000000000000000, 1.000000000000000000 ) ) ;
#746 = AXIS2_PLACEMENT_3D ( 'NONE', #1474, #675, #234 ) ;
#747 = CARTESIAN_POINT ( 'NONE',  ( -9.750000000000014211, -1.999999999999933165, -2.999999999999997335 ) ) ;
#748 =( NAMED_UNIT ( * ) PLANE_ANGLE_UNIT ( ) SI_UNIT ( $, .RADIAN. ) );
#749 = ORIENTED_EDGE ( 'NONE', *, *, #1311, .F. ) ;
#750 = SURFACE_STYLE_FILL_AREA ( #210 ) ;
#751 = EDGE_CURVE ( 'NONE', #158, #816, #955, .T. ) ;
#752 =( NAMED_UNIT ( * ) SI_UNIT ( $, .STERADIAN. ) SOLID_ANGLE_UNIT ( ) );
#753 = SURFACE_STYLE_FILL_AREA ( #1536 ) ;
#754 = DIRECTION ( 'NONE',  ( -1.000000000000000000, 6.982962677686266711E-15, 0.000000000000000000 ) ) ;
#755 = CARTESIAN_POINT ( 'NONE',  ( -9.250000000000047962, -6.999999999999936939, -3.000000000000000444 ) ) ;
#756 = CARTESIAN_POINT ( 'NONE',  ( -9.750000000000014211, -1.999999999999933165, -2.999999999999997335 ) ) ;
#757 = MECHANICAL_DESIGN_GEOMETRIC_PRESENTATION_REPRESENTATION (  '', ( #1477 ), #1112 ) ;
#758 = ORIENTED_EDGE ( 'NONE', *, *, #798, .T. ) ;
#759 = SURFACE_STYLE_FILL_AREA ( #863 ) ;
#760 = ADVANCED_FACE ( 'NONE', ( #704 ), #163, .F. ) ;
#761 = CYLINDRICAL_SURFACE ( 'NONE', #785, 0.5000000000000002220 ) ;
#762 = DIRECTION ( 'NONE',  ( -0.000000000000000000, -0.000000000000000000, -1.000000000000000000 ) ) ;
#763 = AXIS2_PLACEMENT_3D ( 'NONE', #270, #1349, #26 ) ;
#764 = SURFACE_STYLE_USAGE ( .BOTH. , #1568 ) ;
#765 = AXIS2_PLACEMENT_3D ( 'NONE', #1370, #966, #1389 ) ;
#766 = VERTEX_POINT ( 'NONE', #1266 ) ;
#767 = VECTOR ( 'NONE', #373, 1000.000000000000000 ) ;
#768 = STYLED_ITEM ( 'NONE', ( #712 ), #54 ) ;
#769 = STYLED_ITEM ( 'NONE', ( #1282 ), #265 ) ;
#770 = CARTESIAN_POINT ( 'NONE',  ( 1.749999999999986233, -2.000000000000012434, -1.000000000000000000 ) ) ;
#771 = EDGE_LOOP ( 'NONE', ( #871, #1624, #1531, #535, #1244 ) ) ;
#772 =( NAMED_UNIT ( * ) PLANE_ANGLE_UNIT ( ) SI_UNIT ( $, .RADIAN. ) );
#773 = CARTESIAN_POINT ( 'NONE',  ( -12.00000000000000000, 5.551115123125782702E-14, 1.499999999999999778 ) ) ;
#774 = EDGE_CURVE ( 'NONE', #726, #1441, #1416, .T. ) ;
#775 = SURFACE_SIDE_STYLE ('',( #1468 ) ) ;
#776 = EDGE_CURVE ( 'NONE', #938, #1366, #165, .T. ) ;
#777 = STYLED_ITEM ( 'NONE', ( #1301 ), #1523 ) ;
#778 = CIRCLE ( 'NONE', #710, 3.500000000000000000 ) ;
#779 = ORIENTED_EDGE ( 'NONE', *, *, #1438, .F. ) ;
#780 = DIRECTION ( 'NONE',  ( 6.938893903907222067E-15, 1.000000000000000000, 0.000000000000000000 ) ) ;
#781 = DIRECTION ( 'NONE',  ( -1.000000000000000000, 6.982962677686254089E-15, -4.336808689942013792E-16 ) ) ;
#782 = FILL_AREA_STYLE ('',( #1052 ) ) ;
#783 = CARTESIAN_POINT ( 'NONE',  ( -9.750000000000014211, -1.999999999999932054, -0.9999999999999997780 ) ) ;
#784 = CYLINDRICAL_SURFACE ( 'NONE', #1639, 0.5000000000000004441 ) ;
#785 = AXIS2_PLACEMENT_3D ( 'NONE', #1019, #366, #1448 ) ;
#786 = EDGE_CURVE ( 'NONE', #706, #363, #628, .T. ) ;
#787 = COLOUR_RGB ( '',1.000000000000000000, 1.000000000000000000, 1.000000000000000000 ) ;
#788 = ORIENTED_EDGE ( 'NONE', *, *, #968, .T. ) ;
#789 = PLANE ( 'NONE',  #161 ) ;
#790 = APPLICATION_PROTOCOL_DEFINITION ( 'draft international standard', 'automotive_design', 1998, #504 ) ;
#791 = DIRECTION ( 'NONE',  ( 0.000000000000000000, 0.000000000000000000, -1.000000000000000000 ) ) ;
#792 = PRODUCT ( 'CHP5R5L505R-TWV', 'CHP5R5L505R-TWV', '', ( #1060 ) ) ;
#793 = DIRECTION ( 'NONE',  ( 0.000000000000000000, 0.000000000000000000, -1.000000000000000000 ) ) ;
#794 = COLOUR_RGB ( '',1.000000000000000000, 1.000000000000000000, 1.000000000000000000 ) ;
#795 = FILL_AREA_STYLE ('',( #245 ) ) ;
#796 = AXIS2_PLACEMENT_3D ( 'NONE', #1555, #1447, #364 ) ;
#797 =( GEOMETRIC_REPRESENTATION_CONTEXT ( 3 ) GLOBAL_UNCERTAINTY_ASSIGNED_CONTEXT ( ( #284 ) ) GLOBAL_UNIT_ASSIGNED_CONTEXT ( ( #1488, #1341, #1073 ) ) REPRESENTATION_CONTEXT ( 'NONE', 'WORKASPACE' ) );
#798 = EDGE_CURVE ( 'NONE', #38, #214, #1271, .T. ) ;
#799 = AXIS2_PLACEMENT_3D ( 'NONE', #869, #436, #458 ) ;
#800 =( GEOMETRIC_REPRESENTATION_CONTEXT ( 3 ) GLOBAL_UNCERTAINTY_ASSIGNED_CONTEXT ( ( #166 ) ) GLOBAL_UNIT_ASSIGNED_CONTEXT ( ( #1143, #171, #472 ) ) REPRESENTATION_CONTEXT ( 'NONE', 'WORKASPACE' ) );
#801 = ORIENTED_EDGE ( 'NONE', *, *, #1352, .T. ) ;
#802 = ORIENTED_EDGE ( 'NONE', *, *, #496, .F. ) ;
#803 = LINE ( 'NONE', #1336, #1021 ) ;
#804 = AXIS2_PLACEMENT_3D ( 'NONE', #70, #464, #98 ) ;
#805 = VECTOR ( 'NONE', #1583, 1000.000000000000000 ) ;
#806 = ORIENTED_EDGE ( 'NONE', *, *, #1564, .F. ) ;
#807 = FILL_AREA_STYLE ('',( #405 ) ) ;
#808 = ORIENTED_EDGE ( 'NONE', *, *, #142, .F. ) ;
#809 = EDGE_CURVE ( 'NONE', #1606, #706, #495, .T. ) ;
#810 =( LENGTH_UNIT ( ) NAMED_UNIT ( * ) SI_UNIT ( .MILLI., .METRE. ) );
#811 =( NAMED_UNIT ( * ) SI_UNIT ( $, .STERADIAN. ) SOLID_ANGLE_UNIT ( ) );
#812 = SURFACE_STYLE_FILL_AREA ( #1603 ) ;
#813 = VECTOR ( 'NONE', #486, 1000.000000000000000 ) ;
#814 = VERTEX_POINT ( 'NONE', #351 ) ;
#815 = VECTOR ( 'NONE', #1644, 1000.000000000000000 ) ;
#816 = VERTEX_POINT ( 'NONE', #1167 ) ;
#817 = CARTESIAN_POINT ( 'NONE',  ( -9.750000000000000000, -0.4999999999999323319, -8.061293980310359731E-16 ) ) ;
#818 = CYLINDRICAL_SURFACE ( 'NONE', #855, 4.000000000000000000 ) ;
#819 = EDGE_CURVE ( 'NONE', #497, #1096, #416, .T. ) ;
#820 = CARTESIAN_POINT ( 'NONE',  ( 0.000000000000000000, 0.000000000000000000, 32.00000000000000000 ) ) ;
#821 = AXIS2_PLACEMENT_3D ( 'NONE', #1543, #1125, #727 ) ;
#822 =( NAMED_UNIT ( * ) PLANE_ANGLE_UNIT ( ) SI_UNIT ( $, .RADIAN. ) );
#823 = EDGE_LOOP ( 'NONE', ( #1265, #372, #610, #1213 ) ) ;
#824 = STYLED_ITEM ( 'NONE', ( #1452 ), #169 ) ;
#825 = VERTEX_POINT ( 'NONE', #1286 ) ;
#826 = FILL_AREA_STYLE ('',( #146 ) ) ;
#827 = EDGE_CURVE ( 'NONE', #1058, #1369, #1601, .T. ) ;
#828 = ADVANCED_FACE ( 'NONE', ( #480 ), #1032, .F. ) ;
#829 = ORIENTED_EDGE ( 'NONE', *, *, #228, .T. ) ;
#830 = UNCERTAINTY_MEASURE_WITH_UNIT (LENGTH_MEASURE( 1.000000000000000082E-05 ), #337, 'distance_accuracy_value', 'NONE');
#831 =( GEOMETRIC_REPRESENTATION_CONTEXT ( 3 ) GLOBAL_UNCERTAINTY_ASSIGNED_CONTEXT ( ( #186 ) ) GLOBAL_UNIT_ASSIGNED_CONTEXT ( ( #609, #964, #157 ) ) REPRESENTATION_CONTEXT ( 'NONE', 'WORKASPACE' ) );
#832 = CARTESIAN_POINT ( 'NONE',  ( 2.793185071074506684E-14, 4.000000000000000000, 32.00000000000000000 ) ) ;
#833 =( LENGTH_UNIT ( ) NAMED_UNIT ( * ) SI_UNIT ( .MILLI., .METRE. ) );
#834 = ADVANCED_FACE ( 'NONE', ( #213 ), #731, .F. ) ;
#835 =( NAMED_UNIT ( * ) PLANE_ANGLE_UNIT ( ) SI_UNIT ( $, .RADIAN. ) );
#836 = SURFACE_STYLE_USAGE ( .BOTH. , #267 ) ;
#837 = FILL_AREA_STYLE ('',( #292 ) ) ;
#838 = AXIS2_PLACEMENT_3D ( 'NONE', #887, #990, #870 ) ;
#839 = ORIENTED_EDGE ( 'NONE', *, *, #415, .F. ) ;
#840 = PLANE ( 'NONE',  #401 ) ;
#841 = ORIENTED_EDGE ( 'NONE', *, *, #980, .F. ) ;
#842 = CIRCLE ( 'NONE', #1159, 0.5000000000000002220 ) ;
#843 = UNCERTAINTY_MEASURE_WITH_UNIT (LENGTH_MEASURE( 1.000000000000000082E-05 ), #549, 'distance_accuracy_value', 'NONE');
#844 = VERTEX_POINT ( 'NONE', #1103 ) ;
#845 = STYLED_ITEM ( 'NONE', ( #151 ), #685 ) ;
#846 = VECTOR ( 'NONE', #474, 1000.000000000000000 ) ;
#847 = SURFACE_STYLE_USAGE ( .BOTH. , #866 ) ;
#848 = VERTEX_POINT ( 'NONE', #1263 ) ;
#849 = DIRECTION ( 'NONE',  ( 6.938893903907222067E-15, 1.000000000000000000, 0.000000000000000000 ) ) ;
#850 = DIRECTION ( 'NONE',  ( 6.573688961596322285E-15, 1.000000000000000000, 0.000000000000000000 ) ) ;
#851 = ORIENTED_EDGE ( 'NONE', *, *, #25, .F. ) ;
#852 = PRESENTATION_STYLE_ASSIGNMENT (( #600 ) ) ;
#853 = CARTESIAN_POINT ( 'NONE',  ( 2.250000000000000444, -1.251551286087448386E-14, -1.141265444722336349E-18 ) ) ;
#854 = AXIS2_PLACEMENT_3D ( 'NONE', #902, #105, #1308 ) ;
#855 = AXIS2_PLACEMENT_3D ( 'NONE', #1218, #1053, #943 ) ;
#856 = LINE ( 'NONE', #320, #198 ) ;
#857 = CARTESIAN_POINT ( 'NONE',  ( 1.749999999999991340, -2.000000000000012879, -2.499999999999999556 ) ) ;
#858 = SURFACE_STYLE_USAGE ( .BOTH. , #64 ) ;
#859 = DIRECTION ( 'NONE',  ( -0.000000000000000000, -0.000000000000000000, 1.000000000000000000 ) ) ;
#860 = DIRECTION ( 'NONE',  ( 1.000000000000000000, -6.982962677686266711E-15, 0.000000000000000000 ) ) ;
#861 = UNCERTAINTY_MEASURE_WITH_UNIT (LENGTH_MEASURE( 1.000000000000000082E-05 ), #482, 'distance_accuracy_value', 'NONE');
#862 = ORIENTED_EDGE ( 'NONE', *, *, #786, .F. ) ;
#863 = FILL_AREA_STYLE ('',( #1557 ) ) ;
#864 = STYLED_ITEM ( 'NONE', ( #1518 ), #967 ) ;
#865 = CARTESIAN_POINT ( 'NONE',  ( -2.793185071074506684E-14, -4.000000000000000000, 1.499999999999999778 ) ) ;
#866 = SURFACE_SIDE_STYLE ('',( #753 ) ) ;
#867 = EDGE_CURVE ( 'NONE', #954, #1606, #594, .T. ) ;
#868 = COLOUR_RGB ( '',0.000000000000000000, 0.000000000000000000, 0.5019607843137254832 ) ;
#869 = CARTESIAN_POINT ( 'NONE',  ( -8.000000000000000000, 5.551115123125782702E-14, 1.499999999999999778 ) ) ;
#870 = DIRECTION ( 'NONE',  ( -1.000000000000000000, 0.000000000000000000, 0.000000000000000000 ) ) ;
#871 = ORIENTED_EDGE ( 'NONE', *, *, #293, .F. ) ;
#872 = FILL_AREA_STYLE ('',( #579 ) ) ;
#873 = TOROIDAL_SURFACE ( 'NONE', #1647, 4.000000000000000000, 0.5000000000000002220 ) ;
#874 = CYLINDRICAL_SURFACE ( 'NONE', #1466, 4.000000000000000000 ) ;
#875 = MECHANICAL_DESIGN_GEOMETRIC_PRESENTATION_REPRESENTATION (  '', ( #647 ), #1356 ) ;
#876 = MECHANICAL_DESIGN_GEOMETRIC_PRESENTATION_REPRESENTATION (  '', ( #1678 ), #593 ) ;
#877 = LINE ( 'NONE', #1417, #1158 ) ;
#878 = CIRCLE ( 'NONE', #528, 0.5000000000000000000 ) ;
#879 = EDGE_CURVE ( 'NONE', #844, #938, #32, .T. ) ;
#880 = VERTEX_POINT ( 'NONE', #604 ) ;
#881 = DIRECTION ( 'NONE',  ( 0.000000000000000000, -1.224646799147350495E-16, -1.000000000000000000 ) ) ;
#882 = DIRECTION ( 'NONE',  ( 1.000000000000000000, -6.982962677686266711E-15, -0.000000000000000000 ) ) ;
#883 = SURFACE_STYLE_USAGE ( .BOTH. , #1558 ) ;
#884 =( GEOMETRIC_REPRESENTATION_CONTEXT ( 3 ) GLOBAL_UNCERTAINTY_ASSIGNED_CONTEXT ( ( #451 ) ) GLOBAL_UNIT_ASSIGNED_CONTEXT ( ( #130, #926, #811 ) ) REPRESENTATION_CONTEXT ( 'NONE', 'WORKASPACE' ) );
#885 = CARTESIAN_POINT ( 'NONE',  ( -8.000000000000028422, -3.999999999999944489, 32.00000000000000000 ) ) ;
#886 = VECTOR ( 'NONE', #1628, 1000.000000000000000 ) ;
#887 = CARTESIAN_POINT ( 'NONE',  ( -8.000000000000000000, 5.586370142149013368E-14, 32.00000000000000000 ) ) ;
#888 = EDGE_CURVE ( 'NONE', #1076, #825, #96, .T. ) ;
#889 = EDGE_LOOP ( 'NONE', ( #438, #806, #1138, #109 ) ) ;
#890 = LINE ( 'NONE', #632, #767 ) ;
#891 = SURFACE_STYLE_USAGE ( .BOTH. , #211 ) ;
#892 = CARTESIAN_POINT ( 'NONE',  ( -8.000000000000000000, 5.586370142149013368E-14, -3.043909687039172862 ) ) ;
#893 = MECHANICAL_DESIGN_GEOMETRIC_PRESENTATION_REPRESENTATION (  '', ( #864 ), #1403 ) ;
#894 = DIRECTION ( 'NONE',  ( -1.000000000000000000, 6.982962677686254089E-15, -4.336808689942013792E-16 ) ) ;
#895 = CARTESIAN_POINT ( 'NONE',  ( -8.000000000000028422, -3.999999999999944489, 2.000000000000000000 ) ) ;
#896 = LINE ( 'NONE', #1160, #813 ) ;
#897 = VERTEX_POINT ( 'NONE', #1549 ) ;
#898 = FACE_OUTER_BOUND ( 'NONE', #468, .T. ) ;
#899 =( NAMED_UNIT ( * ) PLANE_ANGLE_UNIT ( ) SI_UNIT ( $, .RADIAN. ) );
#900 = EDGE_CURVE ( 'NONE', #1216, #1240, #877, .T. ) ;
#901 = CARTESIAN_POINT ( 'NONE',  ( 0.000000000000000000, 0.000000000000000000, 32.60393381146050018 ) ) ;
#902 = CARTESIAN_POINT ( 'NONE',  ( 1.750000000000000000, -1.257674520083185143E-14, -1.000000000000000000 ) ) ;
#903 = COLOUR_RGB ( '',0.000000000000000000, 0.000000000000000000, 0.5019607843137254832 ) ;
#904 =( GEOMETRIC_REPRESENTATION_CONTEXT ( 3 ) GLOBAL_UNCERTAINTY_ASSIGNED_CONTEXT ( ( #152 ) ) GLOBAL_UNIT_ASSIGNED_CONTEXT ( ( #1047, #1720, #1310 ) ) REPRESENTATION_CONTEXT ( 'NONE', 'WORKASPACE' ) );
#905 = FACE_OUTER_BOUND ( 'NONE', #1332, .T. ) ;
#906 = DIRECTION ( 'NONE',  ( -6.938893903907228378E-15, -1.000000000000000000, 0.000000000000000000 ) ) ;
#907 = PRESENTATION_LAYER_ASSIGNMENT (  '', '', ( #541 ) ) ;
#908 = ORIENTED_EDGE ( 'NONE', *, *, #42, .F. ) ;
#909 =( NAMED_UNIT ( * ) SI_UNIT ( $, .STERADIAN. ) SOLID_ANGLE_UNIT ( ) );
#910 = CIRCLE ( 'NONE', #370, 0.5000000000000004441 ) ;
#911 = PLANE ( 'NONE',  #1239 ) ;
#912 = CARTESIAN_POINT ( 'NONE',  ( 1.750000000000000000, -1.257674520083185143E-14, 0.000000000000000000 ) ) ;
#913 = EDGE_CURVE ( 'NONE', #1240, #452, #1505, .T. ) ;
#914 = FILL_AREA_STYLE_COLOUR ( '', #1357 ) ;
#915 = PRESENTATION_LAYER_ASSIGNMENT (  '', '', ( #777 ) ) ;
#916 = ORIENTED_EDGE ( 'NONE', *, *, #330, .T. ) ;
#917 = DIRECTION ( 'NONE',  ( 1.000000000000000000, 0.000000000000000000, 0.000000000000000000 ) ) ;
#918 = PRESENTATION_STYLE_ASSIGNMENT (( #1443 ) ) ;
#919 = SURFACE_STYLE_USAGE ( .BOTH. , #376 ) ;
#920 = DIRECTION ( 'NONE',  ( -1.000000000000000000, 0.000000000000000000, 0.000000000000000000 ) ) ;
#921 = VECTOR ( 'NONE', #998, 1000.000000000000000 ) ;
#922 = COLOUR_RGB ( '',0.000000000000000000, 0.000000000000000000, 0.5019607843137254832 ) ;
#923 = ORIENTED_EDGE ( 'NONE', *, *, #786, .T. ) ;
#924 = CYLINDRICAL_SURFACE ( 'NONE', #1326, 0.5000000000000004441 ) ;
#925 = DIRECTION ( 'NONE',  ( -1.000000000000000000, 0.000000000000000000, 0.000000000000000000 ) ) ;
#926 =( NAMED_UNIT ( * ) PLANE_ANGLE_UNIT ( ) SI_UNIT ( $, .RADIAN. ) );
#927 = SURFACE_STYLE_USAGE ( .BOTH. , #775 ) ;
#928 = VECTOR ( 'NONE', #241, 1000.000000000000000 ) ;
#929 = SURFACE_STYLE_USAGE ( .BOTH. , #1593 ) ;
#930 = EDGE_CURVE ( 'NONE', #1611, #307, #252, .T. ) ;
#931 = EDGE_LOOP ( 'NONE', ( #1677, #1721, #167, #1346 ) ) ;
#932 =( NAMED_UNIT ( * ) PLANE_ANGLE_UNIT ( ) SI_UNIT ( $, .RADIAN. ) );
#933 = ORIENTED_EDGE ( 'NONE', *, *, #1480, .F. ) ;
#934 = DIRECTION ( 'NONE',  ( -0.000000000000000000, -0.000000000000000000, -1.000000000000000000 ) ) ;
#935 =( NAMED_UNIT ( * ) SI_UNIT ( $, .STERADIAN. ) SOLID_ANGLE_UNIT ( ) );
#936 = SURFACE_STYLE_FILL_AREA ( #668 ) ;
#937 = LINE ( 'NONE', #1470, #408 ) ;
#938 = VERTEX_POINT ( 'NONE', #53 ) ;
#939 =( NAMED_UNIT ( * ) SI_UNIT ( $, .STERADIAN. ) SOLID_ANGLE_UNIT ( ) );
#940 = EDGE_CURVE ( 'NONE', #880, #363, #856, .T. ) ;
#941 = ORIENTED_EDGE ( 'NONE', *, *, #228, .F. ) ;
#942 = DIRECTION ( 'NONE',  ( 1.000000000000000000, 0.000000000000000000, 0.000000000000000000 ) ) ;
#943 = DIRECTION ( 'NONE',  ( -1.000000000000000000, 0.000000000000000000, 0.000000000000000000 ) ) ;
#944 = FACE_OUTER_BOUND ( 'NONE', #1394, .T. ) ;
#945 =( NAMED_UNIT ( * ) PLANE_ANGLE_UNIT ( ) SI_UNIT ( $, .RADIAN. ) );
#946 = MECHANICAL_DESIGN_GEOMETRIC_PRESENTATION_REPRESENTATION (  '', ( #127 ), #1202 ) ;
#947 = ORIENTED_EDGE ( 'NONE', *, *, #809, .T. ) ;
#948 = SURFACE_STYLE_USAGE ( .BOTH. , #679 ) ;
#949 = UNCERTAINTY_MEASURE_WITH_UNIT (LENGTH_MEASURE( 1.000000000000000082E-05 ), #135, 'distance_accuracy_value', 'NONE');
#950 = MECHANICAL_DESIGN_GEOMETRIC_PRESENTATION_REPRESENTATION (  '', ( #242 ), #1174 ) ;
#951 = SURFACE_STYLE_FILL_AREA ( #826 ) ;
#952 = EDGE_CURVE ( 'NONE', #325, #1441, #333, .T. ) ;
#953 = VECTOR ( 'NONE', #881, 1000.000000000000000 ) ;
#954 = VERTEX_POINT ( 'NONE', #974 ) ;
#955 = CIRCLE ( 'NONE', #194, 0.5000000000000000000 ) ;
#956 = SURFACE_STYLE_FILL_AREA ( #807 ) ;
#957 = AXIS2_PLACEMENT_3D ( 'NONE', #1659, #1424, #701 ) ;
#958 = MECHANICAL_DESIGN_GEOMETRIC_PRESENTATION_REPRESENTATION (  '', ( #824 ), #733 ) ;
#959 = ORIENTED_EDGE ( 'NONE', *, *, #385, .F. ) ;
#960 = SURFACE_SIDE_STYLE ('',( #1607 ) ) ;
#961 = EDGE_CURVE ( 'NONE', #814, #816, #301, .T. ) ;
#962 = ORIENTED_EDGE ( 'NONE', *, *, #667, .F. ) ;
#963 = COLOUR_RGB ( '',1.000000000000000000, 1.000000000000000000, 1.000000000000000000 ) ;
#964 =( NAMED_UNIT ( * ) PLANE_ANGLE_UNIT ( ) SI_UNIT ( $, .RADIAN. ) );
#965 = UNCERTAINTY_MEASURE_WITH_UNIT (LENGTH_MEASURE( 1.000000000000000082E-05 ), #1461, 'distance_accuracy_value', 'NONE');
#966 = DIRECTION ( 'NONE',  ( -1.000000000000000000, 6.982962677686266711E-15, 0.000000000000000000 ) ) ;
#967 = MANIFOLD_SOLID_BREP ( 'Sweep2', #672 ) ;
#968 = EDGE_CURVE ( 'NONE', #897, #406, #1342, .T. ) ;
#969 = DIRECTION ( 'NONE',  ( 6.984544521696091639E-15, 1.000000000000000000, 0.000000000000000000 ) ) ;
#970 = PRESENTATION_STYLE_ASSIGNMENT (( #738 ) ) ;
#971 =( GEOMETRIC_REPRESENTATION_CONTEXT ( 3 ) GLOBAL_UNCERTAINTY_ASSIGNED_CONTEXT ( ( #1100 ) ) GLOBAL_UNIT_ASSIGNED_CONTEXT ( ( #722, #1660, #655 ) ) REPRESENTATION_CONTEXT ( 'NONE', 'WORKASPACE' ) );
#972 = ORIENTED_EDGE ( 'NONE', *, *, #667, .T. ) ;
#973 = DIRECTION ( 'NONE',  ( -1.000000000000000000, 0.000000000000000000, 0.000000000000000000 ) ) ;
#974 = CARTESIAN_POINT ( 'NONE',  ( -8.000000000000000000, -3.999999999999944489, -1.224646799147352468E-16 ) ) ;
#975 = CYLINDRICAL_SURFACE ( 'NONE', #1450, 0.5000000000000000000 ) ;
#976 = DIRECTION ( 'NONE',  ( 0.000000000000000000, -1.000000000000000000, 0.000000000000000000 ) ) ;
#977 = MECHANICAL_DESIGN_GEOMETRIC_PRESENTATION_REPRESENTATION (  '', ( #627 ), #302 ) ;
#978 = ADVANCED_BREP_SHAPE_REPRESENTATION ( 'CHP5R5L505R-TWV', ( #967, #513 ), #1283 ) ;
#979 = CARTESIAN_POINT ( 'NONE',  ( 1.749999999999986233, -2.000000000000012434, -1.000000000000000000 ) ) ;
#980 = EDGE_CURVE ( 'NONE', #1369, #1076, #1567, .T. ) ;
#981 = PRESENTATION_LAYER_ASSIGNMENT (  '', '', ( #1481 ) ) ;
#982 = ORIENTED_EDGE ( 'NONE', *, *, #1428, .F. ) ;
#983 = DIRECTION ( 'NONE',  ( -1.000000000000000000, 6.982962677686266711E-15, 2.282530889443873052E-18 ) ) ;
#984 = AXIS2_PLACEMENT_3D ( 'NONE', #531, #200, #849 ) ;
#985 = AXIS2_PLACEMENT_3D ( 'NONE', #485, #1430, #894 ) ;
#986 = SURFACE_STYLE_FILL_AREA ( #27 ) ;
#987 = DIRECTION ( 'NONE',  ( 2.282530889444661913E-18, 8.673617379884033007E-17, 1.000000000000000000 ) ) ;
#988 = PRESENTATION_STYLE_ASSIGNMENT (( #1114 ) ) ;
#989 = SURFACE_STYLE_USAGE ( .BOTH. , #446 ) ;
#990 = DIRECTION ( 'NONE',  ( -0.000000000000000000, -0.000000000000000000, -1.000000000000000000 ) ) ;
#991 = CARTESIAN_POINT ( 'NONE',  ( -8.000000000000028422, -3.999999999999944489, 0.9999999999999995559 ) ) ;
#992 = FILL_AREA_STYLE ('',( #1106 ) ) ;
#993 = DIRECTION ( 'NONE',  ( 0.000000000000000000, 0.000000000000000000, 1.000000000000000000 ) ) ;
#994 = ORIENTED_EDGE ( 'NONE', *, *, #819, .T. ) ;
#995 = EDGE_CURVE ( 'NONE', #1369, #1419, #686, .T. ) ;
#996 = CARTESIAN_POINT ( 'NONE',  ( -9.750000000000014211, -1.999999999999931610, -3.000000000000000888 ) ) ;
#997 = DIRECTION ( 'NONE',  ( 6.938893903907222067E-15, 1.000000000000000000, 0.000000000000000000 ) ) ;
#998 = DIRECTION ( 'NONE',  ( -0.000000000000000000, -0.000000000000000000, -1.000000000000000000 ) ) ;
#999 = UNCERTAINTY_MEASURE_WITH_UNIT (LENGTH_MEASURE( 1.000000000000000082E-05 ), #1634, 'distance_accuracy_value', 'NONE');
#1000 = ORIENTED_EDGE ( 'NONE', *, *, #735, .F. ) ;
#1001 = CARTESIAN_POINT ( 'NONE',  ( 1.750000000000000000, -1.257674520083185143E-14, 0.000000000000000000 ) ) ;
#1002 = COLOUR_RGB ( '',1.000000000000000000, 1.000000000000000000, 1.000000000000000000 ) ;
#1003 = CARTESIAN_POINT ( 'NONE',  ( -9.750000000000047962, -6.999999999999933387, -3.000000000000000000 ) ) ;
#1004 = FILL_AREA_STYLE_COLOUR ( '', #1717 ) ;
#1005 = ADVANCED_FACE ( 'NONE', ( #1212 ), #761, .T. ) ;
#1006 =( NAMED_UNIT ( * ) PLANE_ANGLE_UNIT ( ) SI_UNIT ( $, .RADIAN. ) );
#1007 = TOROIDAL_SURFACE ( 'NONE', #471, 2.000000000000000000, 0.5000000000000000000 ) ;
#1008 = ORIENTED_EDGE ( 'NONE', *, *, #263, .T. ) ;
#1009 = AXIS2_PLACEMENT_3D ( 'NONE', #61, #1036, #1169 ) ;
#1010 =( LENGTH_UNIT ( ) NAMED_UNIT ( * ) SI_UNIT ( .MILLI., .METRE. ) );
#1011 = CARTESIAN_POINT ( 'NONE',  ( 1.749999999999986233, -2.000000000000012434, -1.000000000000000000 ) ) ;
#1012 =( GEOMETRIC_REPRESENTATION_CONTEXT ( 3 ) GLOBAL_UNCERTAINTY_ASSIGNED_CONTEXT ( ( #861 ) ) GLOBAL_UNIT_ASSIGNED_CONTEXT ( ( #482, #1177, #909 ) ) REPRESENTATION_CONTEXT ( 'NONE', 'WORKASPACE' ) );
#1013 = DIRECTION ( 'NONE',  ( 1.000000000000000000, -6.982962677686266711E-15, 0.000000000000000000 ) ) ;
#1014 = PRESENTATION_LAYER_ASSIGNMENT (  '', '', ( #1678 ) ) ;
#1015 = PRESENTATION_LAYER_ASSIGNMENT (  '', '', ( #33 ) ) ;
#1016 = EDGE_CURVE ( 'NONE', #1441, #307, #1227, .T. ) ;
#1017 = DIRECTION ( 'NONE',  ( 1.000000000000000000, -6.982962677686266711E-15, -0.000000000000000000 ) ) ;
#1018 = EDGE_LOOP ( 'NONE', ( #1554, #13, #336, #1640, #1043, #546 ) ) ;
#1019 = CARTESIAN_POINT ( 'NONE',  ( 1.749999999999986233, -2.000000000000011990, -3.000000000000000444 ) ) ;
#1020 = DIRECTION ( 'NONE',  ( -0.000000000000000000, -0.000000000000000000, 1.000000000000000000 ) ) ;
#1021 = VECTOR ( 'NONE', #1181, 1000.000000000000000 ) ;
#1022 = FILL_AREA_STYLE_COLOUR ( '', #1622 ) ;
#1023 = LINE ( 'NONE', #73, #1056 ) ;
#1024 = SURFACE_STYLE_USAGE ( .BOTH. , #1569 ) ;
#1025 = VERTEX_POINT ( 'NONE', #164 ) ;
#1026 = FACE_OUTER_BOUND ( 'NONE', #1269, .T. ) ;
#1027 = DIRECTION ( 'NONE',  ( -6.938893903907228378E-15, -1.000000000000000000, 1.734723475976807341E-16 ) ) ;
#1028 = PRESENTATION_LAYER_ASSIGNMENT (  '', '', ( #127 ) ) ;
#1029 = CARTESIAN_POINT ( 'NONE',  ( -9.750000000000014211, -1.999999999999932054, -0.9999999999999997780 ) ) ;
#1030 = FILL_AREA_STYLE_COLOUR ( '', #93 ) ;
#1031 = DIRECTION ( 'NONE',  ( 0.000000000000000000, -1.224646799147350495E-16, -1.000000000000000000 ) ) ;
#1032 = CYLINDRICAL_SURFACE ( 'NONE', #537, 0.5000000000000004441 ) ;
#1033 = ORIENTED_EDGE ( 'NONE', *, *, #1085, .F. ) ;
#1034 = ADVANCED_FACE ( 'NONE', ( #566 ), #975, .T. ) ;
#1035 =( NAMED_UNIT ( * ) SI_UNIT ( $, .STERADIAN. ) SOLID_ANGLE_UNIT ( ) );
#1036 = DIRECTION ( 'NONE',  ( -0.000000000000000000, -0.000000000000000000, -1.000000000000000000 ) ) ;
#1037 =( GEOMETRIC_REPRESENTATION_CONTEXT ( 3 ) GLOBAL_UNCERTAINTY_ASSIGNED_CONTEXT ( ( #830 ) ) GLOBAL_UNIT_ASSIGNED_CONTEXT ( ( #337, #442, #59 ) ) REPRESENTATION_CONTEXT ( 'NONE', 'WORKASPACE' ) );
#1038 = DIRECTION ( 'NONE',  ( 6.984544521696091639E-15, 1.000000000000000000, 0.000000000000000000 ) ) ;
#1039 = AXIS2_PLACEMENT_3D ( 'NONE', #1616, #1083, #1069 ) ;
#1040 = CARTESIAN_POINT ( 'NONE',  ( 2.249999999999951150, -7.000000000000016875, -3.000000000000000888 ) ) ;
#1041 = CIRCLE ( 'NONE', #1599, 4.000000000000000000 ) ;
#1042 = DIRECTION ( 'NONE',  ( -1.000000000000000000, 0.000000000000000000, 0.000000000000000000 ) ) ;
#1043 = ORIENTED_EDGE ( 'NONE', *, *, #735, .T. ) ;
#1044 = DIRECTION ( 'NONE',  ( 1.000000000000000000, -6.982962677686266711E-15, -0.000000000000000000 ) ) ;
#1045 = FILL_AREA_STYLE_COLOUR ( '', #551 ) ;
#1046 = DIRECTION ( 'NONE',  ( -1.000000000000000000, 6.938893903907228378E-15, 0.000000000000000000 ) ) ;
#1047 =( LENGTH_UNIT ( ) NAMED_UNIT ( * ) SI_UNIT ( .MILLI., .METRE. ) );
#1048 = PRESENTATION_STYLE_ASSIGNMENT (( #929 ) ) ;
#1049 =( GEOMETRIC_REPRESENTATION_CONTEXT ( 3 ) GLOBAL_UNCERTAINTY_ASSIGNED_CONTEXT ( ( #1521 ) ) GLOBAL_UNIT_ASSIGNED_CONTEXT ( ( #1451, #1063, #935 ) ) REPRESENTATION_CONTEXT ( 'NONE', 'WORKASPACE' ) );
#1050 = ORIENTED_EDGE ( 'NONE', *, *, #879, .F. ) ;
#1051 = PRESENTATION_STYLE_ASSIGNMENT (( #1455 ) ) ;
#1052 = FILL_AREA_STYLE_COLOUR ( '', #563 ) ;
#1053 = DIRECTION ( 'NONE',  ( -0.000000000000000000, -0.000000000000000000, -1.000000000000000000 ) ) ;
#1054 = EDGE_CURVE ( 'NONE', #209, #1570, #1551, .T. ) ;
#1055 = FILL_AREA_STYLE ('',( #518 ) ) ;
#1056 = VECTOR ( 'NONE', #1432, 1000.000000000000000 ) ;
#1057 = AXIS2_PLACEMENT_3D ( 'NONE', #820, #178, #718 ) ;
#1058 = VERTEX_POINT ( 'NONE', #212 ) ;
#1059 = CARTESIAN_POINT ( 'NONE',  ( -2.793185071074506684E-14, -4.000000000000000000, 0.9999999999999995559 ) ) ;
#1060 = PRODUCT_CONTEXT ( 'NONE', #542, 'mechanical' ) ;
#1061 = EDGE_LOOP ( 'NONE', ( #94, #643, #1722, #749 ) ) ;
#1062 = SURFACE_STYLE_FILL_AREA ( #660 ) ;
#1063 =( NAMED_UNIT ( * ) PLANE_ANGLE_UNIT ( ) SI_UNIT ( $, .RADIAN. ) );
#1064 = PRESENTATION_LAYER_ASSIGNMENT (  '', '', ( #627 ) ) ;
#1065 = EDGE_CURVE ( 'NONE', #209, #1405, #155, .T. ) ;
#1066 = COLOUR_RGB ( '',1.000000000000000000, 1.000000000000000000, 1.000000000000000000 ) ;
#1067 = AXIS2_PLACEMENT_3D ( 'NONE', #709, #742, #730 ) ;
#1068 = ORIENTED_EDGE ( 'NONE', *, *, #940, .T. ) ;
#1069 = DIRECTION ( 'NONE',  ( 1.000000000000000000, 0.000000000000000000, 0.000000000000000000 ) ) ;
#1070 = CARTESIAN_POINT ( 'NONE',  ( -8.000000000000000000, 5.551115123125782702E-14, 1.499999999999999778 ) ) ;
#1071 = COLOUR_RGB ( '',0.000000000000000000, 0.000000000000000000, 0.5019607843137254832 ) ;
#1072 = FILL_AREA_STYLE ('',( #368 ) ) ;
#1073 =( NAMED_UNIT ( * ) SI_UNIT ( $, .STERADIAN. ) SOLID_ANGLE_UNIT ( ) );
#1074 =( LENGTH_UNIT ( ) NAMED_UNIT ( * ) SI_UNIT ( .MILLI., .METRE. ) );
#1075 = AXIS2_PLACEMENT_3D ( 'NONE', #1029, #754, #1157 ) ;
#1076 = VERTEX_POINT ( 'NONE', #755 ) ;
#1077 = EDGE_CURVE ( 'NONE', #1366, #1025, #1566, .T. ) ;
#1078 = CARTESIAN_POINT ( 'NONE',  ( 4.000000000000000000, 0.000000000000000000, 1.499999999999999778 ) ) ;
#1079 = SURFACE_STYLE_FILL_AREA ( #1371 ) ;
#1080 = SURFACE_STYLE_FILL_AREA ( #297 ) ;
#1081 =( GEOMETRIC_REPRESENTATION_CONTEXT ( 3 ) GLOBAL_UNCERTAINTY_ASSIGNED_CONTEXT ( ( #136 ) ) GLOBAL_UNIT_ASSIGNED_CONTEXT ( ( #225, #772, #752 ) ) REPRESENTATION_CONTEXT ( 'NONE', 'WORKASPACE' ) );
#1082 = ORIENTED_EDGE ( 'NONE', *, *, #1302, .T. ) ;
#1083 = DIRECTION ( 'NONE',  ( -0.000000000000000000, -0.000000000000000000, 1.000000000000000000 ) ) ;
#1084 = UNCERTAINTY_MEASURE_WITH_UNIT (LENGTH_MEASURE( 1.000000000000000082E-05 ), #1587, 'distance_accuracy_value', 'NONE');
#1085 = EDGE_CURVE ( 'NONE', #124, #1058, #1140, .T. ) ;
#1086 = FACE_OUTER_BOUND ( 'NONE', #58, .T. ) ;
#1087 = FILL_AREA_STYLE_COLOUR ( '', #1368 ) ;
#1088 = CARTESIAN_POINT ( 'NONE',  ( -12.00000000000000000, 5.586370142149013368E-14, 32.00000000000000000 ) ) ;
#1089 = MECHANICAL_DESIGN_GEOMETRIC_PRESENTATION_REPRESENTATION (  '', ( #591 ), #646 ) ;
#1090 = EDGE_LOOP ( 'NONE', ( #522, #231 ) ) ;
#1091 = CIRCLE ( 'NONE', #533, 0.5000000000000000000 ) ;
#1092 = AXIS2_PLACEMENT_3D ( 'NONE', #448, #969, #1496 ) ;
#1093 = PRESENTATION_STYLE_ASSIGNMENT (( #836 ) ) ;
#1094 = AXIS2_PLACEMENT_3D ( 'NONE', #305, #575, #1433 ) ;
#1095 = CIRCLE ( 'NONE', #1009, 4.000000000000000000 ) ;
#1096 = VERTEX_POINT ( 'NONE', #857 ) ;
#1097 = SURFACE_SIDE_STYLE ('',( #1079 ) ) ;
#1098 = CIRCLE ( 'NONE', #1164, 4.000000000000000000 ) ;
#1099 = LINE ( 'NONE', #725, #676 ) ;
#1100 = UNCERTAINTY_MEASURE_WITH_UNIT (LENGTH_MEASURE( 1.000000000000000082E-05 ), #722, 'distance_accuracy_value', 'NONE');
#1101 = ORIENTED_EDGE ( 'NONE', *, *, #377, .F. ) ;
#1102 = DIRECTION ( 'NONE',  ( 0.000000000000000000, 0.000000000000000000, -1.000000000000000000 ) ) ;
#1103 = CARTESIAN_POINT ( 'NONE',  ( 4.000000000000000000, 0.000000000000000000, 0.000000000000000000 ) ) ;
#1104 = EDGE_CURVE ( 'NONE', #1195, #452, #896, .T. ) ;
#1105 = ORIENTED_EDGE ( 'NONE', *, *, #1697, .F. ) ;
#1106 = FILL_AREA_STYLE_COLOUR ( '', #1413 ) ;
#1107 = MECHANICAL_DESIGN_GEOMETRIC_PRESENTATION_REPRESENTATION (  '', ( #1201 ), #971 ) ;
#1108 = COLOUR_RGB ( '',0.000000000000000000, 0.000000000000000000, 0.5019607843137254832 ) ;
#1109 = ORIENTED_EDGE ( 'NONE', *, *, #888, .F. ) ;
#1110 = DIRECTION ( 'NONE',  ( 2.282530889444661913E-18, 8.673617379884033007E-17, 1.000000000000000000 ) ) ;
#1111 = CARTESIAN_POINT ( 'NONE',  ( -10.25000000000001421, -1.999999999999928058, -3.000000000000000888 ) ) ;
#1112 =( GEOMETRIC_REPRESENTATION_CONTEXT ( 3 ) GLOBAL_UNCERTAINTY_ASSIGNED_CONTEXT ( ( #37 ) ) GLOBAL_UNIT_ASSIGNED_CONTEXT ( ( #254, #349, #637 ) ) REPRESENTATION_CONTEXT ( 'NONE', 'WORKASPACE' ) );
#1113 = DIRECTION ( 'NONE',  ( -0.000000000000000000, -0.000000000000000000, 1.000000000000000000 ) ) ;
#1114 = SURFACE_STYLE_USAGE ( .BOTH. , #52 ) ;
#1115 = MECHANICAL_DESIGN_GEOMETRIC_PRESENTATION_REPRESENTATION (  '', ( #1229 ), #503 ) ;
#1116 = SURFACE_STYLE_FILL_AREA ( #584 ) ;
#1117 = EDGE_CURVE ( 'NONE', #814, #1096, #129, .T. ) ;
#1118 = FACE_OUTER_BOUND ( 'NONE', #175, .T. ) ;
#1119 = ORIENTED_EDGE ( 'NONE', *, *, #952, .T. ) ;
#1120 = PRESENTATION_STYLE_ASSIGNMENT (( #313 ) ) ;
#1121 = TOROIDAL_SURFACE ( 'NONE', #765, 2.000000000000000444, 0.5000000000000004441 ) ;
#1122 = CARTESIAN_POINT ( 'NONE',  ( -9.750000000000047962, -6.999999999999933387, -3.000000000000000000 ) ) ;
#1123 = UNCERTAINTY_MEASURE_WITH_UNIT (LENGTH_MEASURE( 1.000000000000000082E-05 ), #291, 'distance_accuracy_value', 'NONE');
#1124 = VERTEX_POINT ( 'NONE', #196 ) ;
#1125 = DIRECTION ( 'NONE',  ( 0.000000000000000000, -1.224646799147350495E-16, -1.000000000000000000 ) ) ;
#1126 = STYLED_ITEM ( 'NONE', ( #720 ), #834 ) ;
#1127 = MECHANICAL_DESIGN_GEOMETRIC_PRESENTATION_REPRESENTATION (  '', ( #1576 ), #904 ) ;
#1128 = DIRECTION ( 'NONE',  ( 1.000000000000000000, -6.982962677686266711E-15, -0.000000000000000000 ) ) ;
#1129 = CARTESIAN_POINT ( 'NONE',  ( -12.00000000000000000, 5.551115123125782702E-14, 1.499999999999999778 ) ) ;
#1130 = LINE ( 'NONE', #1255, #505 ) ;
#1131 = CARTESIAN_POINT ( 'NONE',  ( -9.750000000000014211, -1.999999999999933165, -3.499999999999999112 ) ) ;
#1132 = ORIENTED_EDGE ( 'NONE', *, *, #995, .F. ) ;
#1133 = LINE ( 'NONE', #430, #221 ) ;
#1134 = MECHANICAL_DESIGN_GEOMETRIC_PRESENTATION_REPRESENTATION (  '', ( #75 ), #1421 ) ;
#1135 = PRESENTATION_STYLE_ASSIGNMENT (( #883 ) ) ;
#1136 = CARTESIAN_POINT ( 'NONE',  ( -9.750000000000047962, -6.999999999999933387, -3.000000000000000000 ) ) ;
#1137 = FILL_AREA_STYLE ('',( #460 ) ) ;
#1138 = ORIENTED_EDGE ( 'NONE', *, *, #527, .F. ) ;
#1139 = DIRECTION ( 'NONE',  ( 1.000000000000000000, -6.938893903907222067E-15, 0.000000000000000000 ) ) ;
#1140 = CIRCLE ( 'NONE', #1170, 0.5000000000000004441 ) ;
#1141 = EDGE_CURVE ( 'NONE', #307, #1366, #1023, .T. ) ;
#1142 = DIRECTION ( 'NONE',  ( -6.982962677686266711E-15, -1.000000000000000000, 0.000000000000000000 ) ) ;
#1143 =( LENGTH_UNIT ( ) NAMED_UNIT ( * ) SI_UNIT ( .MILLI., .METRE. ) );
#1144 = DIRECTION ( 'NONE',  ( -6.982962677686266711E-15, -1.000000000000000000, 0.000000000000000000 ) ) ;
#1145 = CARTESIAN_POINT ( 'NONE',  ( 0.000000000000000000, 0.000000000000000000, 0.000000000000000000 ) ) ;
#1146 = PRESENTATION_LAYER_ASSIGNMENT (  '', '', ( #1477 ) ) ;
#1147 = SURFACE_STYLE_USAGE ( .BOTH. , #617 ) ;
#1148 = CIRCLE ( 'NONE', #804, 4.000000000000000000 ) ;
#1149 = ORIENTED_EDGE ( 'NONE', *, *, #819, .F. ) ;
#1150 = MECHANICAL_DESIGN_GEOMETRIC_PRESENTATION_REPRESENTATION (  '', ( #699 ), #1381 ) ;
#1151 = CARTESIAN_POINT ( 'NONE',  ( 1.749999999999951150, -7.000000000000013323, -3.000000000000000888 ) ) ;
#1152 = AXIS2_PLACEMENT_3D ( 'NONE', #681, #536, #942 ) ;
#1153 = CARTESIAN_POINT ( 'NONE',  ( 2.793185071074506684E-14, 4.000000000000000000, 0.9999999999999995559 ) ) ;
#1154 =( LENGTH_UNIT ( ) NAMED_UNIT ( * ) SI_UNIT ( .MILLI., .METRE. ) );
#1155 = COLOUR_RGB ( '',0.000000000000000000, 0.000000000000000000, 0.5019607843137254832 ) ;
#1156 =( GEOMETRIC_REPRESENTATION_CONTEXT ( 3 ) GLOBAL_UNCERTAINTY_ASSIGNED_CONTEXT ( ( #411 ) ) GLOBAL_UNIT_ASSIGNED_CONTEXT ( ( #1561, #835, #1234 ) ) REPRESENTATION_CONTEXT ( 'NONE', 'WORKASPACE' ) );
#1157 = DIRECTION ( 'NONE',  ( -6.938893903907228378E-15, -1.000000000000000000, 0.000000000000000000 ) ) ;
#1158 = VECTOR ( 'NONE', #1672, 1000.000000000000000 ) ;
#1159 = AXIS2_PLACEMENT_3D ( 'NONE', #773, #104, #559 ) ;
#1160 = CARTESIAN_POINT ( 'NONE',  ( -2.793185071074506684E-14, -4.000000000000000000, 32.00000000000000000 ) ) ;
#1161 = DIRECTION ( 'NONE',  ( -1.000000000000000000, 6.982962677686266711E-15, 0.000000000000000000 ) ) ;
#1162 = ORIENTED_EDGE ( 'NONE', *, *, #1311, .T. ) ;
#1163 = LINE ( 'NONE', #650, #673 ) ;
#1164 = AXIS2_PLACEMENT_3D ( 'NONE', #1719, #1724, #1590 ) ;
#1165 = SURFACE_STYLE_USAGE ( .BOTH. , #1200 ) ;
#1166 = EDGE_CURVE ( 'NONE', #452, #1478, #1372, .T. ) ;
#1167 = CARTESIAN_POINT ( 'NONE',  ( 1.249999999999951150, -7.000000000000009770, -3.000000000000000888 ) ) ;
#1168 = ORIENTED_EDGE ( 'NONE', *, *, #1495, .F. ) ;
#1169 = DIRECTION ( 'NONE',  ( -1.000000000000000000, 0.000000000000000000, 0.000000000000000000 ) ) ;
#1170 = AXIS2_PLACEMENT_3D ( 'NONE', #747, #607, #1685 ) ;
#1171 = FACE_OUTER_BOUND ( 'NONE', #1683, .T. ) ;
#1172 = CARTESIAN_POINT ( 'NONE',  ( 0.000000000000000000, 0.000000000000000000, 1.000000000000000888 ) ) ;
#1173 = STYLED_ITEM ( 'NONE', ( #970 ), #1453 ) ;
#1174 =( GEOMETRIC_REPRESENTATION_CONTEXT ( 3 ) GLOBAL_UNCERTAINTY_ASSIGNED_CONTEXT ( ( #843 ) ) GLOBAL_UNIT_ASSIGNED_CONTEXT ( ( #549, #1503, #456 ) ) REPRESENTATION_CONTEXT ( 'NONE', 'WORKASPACE' ) );
#1175 = SURFACE_STYLE_FILL_AREA ( #1055 ) ;
#1176 = ORIENTED_EDGE ( 'NONE', *, *, #425, .T. ) ;
#1177 =( NAMED_UNIT ( * ) PLANE_ANGLE_UNIT ( ) SI_UNIT ( $, .RADIAN. ) );
#1178 = PRESENTATION_STYLE_ASSIGNMENT (( #891 ) ) ;
#1179 = DIRECTION ( 'NONE',  ( 0.000000000000000000, -0.000000000000000000, 1.000000000000000000 ) ) ;
#1180 = COLOUR_RGB ( '',0.000000000000000000, 0.000000000000000000, 0.5019607843137254832 ) ;
#1181 = DIRECTION ( 'NONE',  ( -0.000000000000000000, -0.000000000000000000, 1.000000000000000000 ) ) ;
#1182 = TOROIDAL_SURFACE ( 'NONE', #1039, 4.000000000000000000, 0.5000000000000001110 ) ;
#1183 = COLOUR_RGB ( '',0.000000000000000000, 0.000000000000000000, 0.5019607843137254832 ) ;
#1184 = FILL_AREA_STYLE ('',( #1337 ) ) ;
#1185 = CIRCLE ( 'NONE', #195, 4.000000000000000000 ) ;
#1186 =( NAMED_UNIT ( * ) SI_UNIT ( $, .STERADIAN. ) SOLID_ANGLE_UNIT ( ) );
#1187 = ORIENTED_EDGE ( 'NONE', *, *, #1564, .T. ) ;
#1188 = DIRECTION ( 'NONE',  ( -1.000000000000000000, 6.938893903907228378E-15, 0.000000000000000000 ) ) ;
#1189 = ADVANCED_FACE ( 'NONE', ( #1118 ), #784, .T. ) ;
#1190 = CARTESIAN_POINT ( 'NONE',  ( -2.444036937190193349E-14, -3.500000000000000000, 1.499999999999999778 ) ) ;
#1191 = LINE ( 'NONE', #140, #487 ) ;
#1192 = MECHANICAL_DESIGN_GEOMETRIC_PRESENTATION_REPRESENTATION (  '', ( #1173 ), #831 ) ;
#1193 = DIRECTION ( 'NONE',  ( -0.000000000000000000, -0.000000000000000000, -1.000000000000000000 ) ) ;
#1194 = STYLED_ITEM ( 'NONE', ( #1680 ), #978 ) ;
#1195 = VERTEX_POINT ( 'NONE', #371 ) ;
#1196 = UNCERTAINTY_MEASURE_WITH_UNIT (LENGTH_MEASURE( 1.000000000000000082E-05 ), #409, 'distance_accuracy_value', 'NONE');
#1197 = ORIENTED_EDGE ( 'NONE', *, *, #1604, .F. ) ;
#1198 = SURFACE_SIDE_STYLE ('',( #1062 ) ) ;
#1199 = ADVANCED_FACE ( 'NONE', ( #1579 ), #131, .F. ) ;
#1200 = SURFACE_SIDE_STYLE ('',( #654 ) ) ;
#1201 = STYLED_ITEM ( 'NONE', ( #1650 ), #1189 ) ;
#1202 =( GEOMETRIC_REPRESENTATION_CONTEXT ( 3 ) GLOBAL_UNCERTAINTY_ASSIGNED_CONTEXT ( ( #965 ) ) GLOBAL_UNIT_ASSIGNED_CONTEXT ( ( #1461, #1304, #1186 ) ) REPRESENTATION_CONTEXT ( 'NONE', 'WORKASPACE' ) );
#1203 = ORIENTED_EDGE ( 'NONE', *, *, #774, .T. ) ;
#1204 = EDGE_LOOP ( 'NONE', ( #1358, #1632, #703, #1594 ) ) ;
#1205 =( NAMED_UNIT ( * ) SI_UNIT ( $, .STERADIAN. ) SOLID_ANGLE_UNIT ( ) );
#1206 = CARTESIAN_POINT ( 'NONE',  ( -12.00000000000000000, 5.586370142149013368E-14, 2.000000000000000000 ) ) ;
#1207 = SURFACE_STYLE_USAGE ( .BOTH. , #132 ) ;
#1208 = COLOUR_RGB ( '',1.000000000000000000, 1.000000000000000000, 1.000000000000000000 ) ;
#1209 = PRESENTATION_STYLE_ASSIGNMENT (( #133 ) ) ;
#1210 = ADVANCED_FACE ( 'NONE', ( #905 ), #524, .F. ) ;
#1211 = AXIS2_PLACEMENT_3D ( 'NONE', #229, #493, #100 ) ;
#1212 = FACE_OUTER_BOUND ( 'NONE', #441, .T. ) ;
#1213 = ORIENTED_EDGE ( 'NONE', *, *, #1428, .T. ) ;
#1214 =( LENGTH_UNIT ( ) NAMED_UNIT ( * ) SI_UNIT ( .MILLI., .METRE. ) );
#1215 = UNCERTAINTY_MEASURE_WITH_UNIT (LENGTH_MEASURE( 1.000000000000000082E-05 ), #403, 'distance_accuracy_value', 'NONE');
#1216 = VERTEX_POINT ( 'NONE', #895 ) ;
#1217 =( NAMED_UNIT ( * ) PLANE_ANGLE_UNIT ( ) SI_UNIT ( $, .RADIAN. ) );
#1218 = CARTESIAN_POINT ( 'NONE',  ( -8.000000000000000000, 5.586370142149013368E-14, -3.043909687039172862 ) ) ;
#1219 = PRESENTATION_LAYER_ASSIGNMENT (  '', '', ( #1365 ) ) ;
#1220 = ADVANCED_FACE ( 'NONE', ( #1524 ), #432, .T. ) ;
#1221 = VERTEX_POINT ( 'NONE', #317 ) ;
#1222 = PRESENTATION_STYLE_ASSIGNMENT (( #948 ) ) ;
#1223 =( GEOMETRIC_REPRESENTATION_CONTEXT ( 3 ) GLOBAL_UNCERTAINTY_ASSIGNED_CONTEXT ( ( #119 ) ) GLOBAL_UNIT_ASSIGNED_CONTEXT ( ( #570, #14, #287 ) ) REPRESENTATION_CONTEXT ( 'NONE', 'WORKASPACE' ) );
#1224 = VERTEX_POINT ( 'NONE', #1516 ) ;
#1225 = DIRECTION ( 'NONE',  ( 0.000000000000000000, 0.000000000000000000, -1.000000000000000000 ) ) ;
#1226 = PRESENTATION_STYLE_ASSIGNMENT (( #423 ) ) ;
#1227 = CIRCLE ( 'NONE', #494, 0.5000000000000004441 ) ;
#1228 = VERTEX_POINT ( 'NONE', #1391 ) ;
#1229 = STYLED_ITEM ( 'NONE', ( #1209 ), #1320 ) ;
#1230 = ORIENTED_EDGE ( 'NONE', *, *, #961, .T. ) ;
#1231 = DIRECTION ( 'NONE',  ( -1.000000000000000000, 6.982962677686266711E-15, 0.000000000000000000 ) ) ;
#1232 = FILL_AREA_STYLE ('',( #1475 ) ) ;
#1233 = CIRCLE ( 'NONE', #1152, 4.000000000000000000 ) ;
#1234 =( NAMED_UNIT ( * ) SI_UNIT ( $, .STERADIAN. ) SOLID_ANGLE_UNIT ( ) );
#1235 = STYLED_ITEM ( 'NONE', ( #1222 ), #707 ) ;
#1236 = AXIS2_PLACEMENT_3D ( 'NONE', #433, #1504, #682 ) ;
#1237 = CYLINDRICAL_SURFACE ( 'NONE', #1482, 4.000000000000000000 ) ;
#1238 = VECTOR ( 'NONE', #1553, 1000.000000000000000 ) ;
#1239 = AXIS2_PLACEMENT_3D ( 'NONE', #111, #1179, #917 ) ;
#1240 = VERTEX_POINT ( 'NONE', #1272 ) ;
#1241 = DIRECTION ( 'NONE',  ( -0.000000000000000000, -0.000000000000000000, -1.000000000000000000 ) ) ;
#1242 = EDGE_CURVE ( 'NONE', #363, #1195, #1378, .T. ) ;
#1243 = DIRECTION ( 'NONE',  ( -0.000000000000000000, -0.000000000000000000, 1.000000000000000000 ) ) ;
#1244 = ORIENTED_EDGE ( 'NONE', *, *, #561, .T. ) ;
#1245 = CARTESIAN_POINT ( 'NONE',  ( 0.000000000000000000, 4.000000000000000000, 0.9999999999999997780 ) ) ;
#1246 = STYLED_ITEM ( 'NONE', ( #918 ), #1655 ) ;
#1247 = UNCERTAINTY_MEASURE_WITH_UNIT (LENGTH_MEASURE( 1.000000000000000082E-05 ), #1214, 'distance_accuracy_value', 'NONE');
#1248 = ORIENTED_EDGE ( 'NONE', *, *, #1584, .T. ) ;
#1249 = LINE ( 'NONE', #1111, #815 ) ;
#1250 =( NAMED_UNIT ( * ) SI_UNIT ( $, .STERADIAN. ) SOLID_ANGLE_UNIT ( ) );
#1251 = EDGE_CURVE ( 'NONE', #1221, #814, #22, .T. ) ;
#1252 = FILL_AREA_STYLE ('',( #583 ) ) ;
#1253 = FILL_AREA_STYLE_COLOUR ( '', #1589 ) ;
#1254 = FILL_AREA_STYLE_COLOUR ( '', #82 ) ;
#1255 = CARTESIAN_POINT ( 'NONE',  ( -7.999999999999972466, 4.000000000000055955, 2.000000000000000000 ) ) ;
#1256 = DIRECTION ( 'NONE',  ( -7.025630077706068732E-15, -1.000000000000000000, 0.000000000000000000 ) ) ;
#1257 = ORIENTED_EDGE ( 'NONE', *, *, #611, .T. ) ;
#1258 = CYLINDRICAL_SURFACE ( 'NONE', #821, 0.5000000000000004441 ) ;
#1259 = PRESENTATION_LAYER_ASSIGNMENT (  '', '', ( #242 ) ) ;
#1260 = SURFACE_STYLE_USAGE ( .BOTH. , #224 ) ;
#1261 = DIRECTION ( 'NONE',  ( 0.000000000000000000, 0.000000000000000000, -1.000000000000000000 ) ) ;
#1262 = CARTESIAN_POINT ( 'NONE',  ( -7.999999999999972466, 4.000000000000055955, 0.9999999999999995559 ) ) ;
#1263 = CARTESIAN_POINT ( 'NONE',  ( 0.000000000000000000, 4.000000000000000000, 2.000000000000000000 ) ) ;
#1264 = EDGE_CURVE ( 'NONE', #255, #158, #937, .T. ) ;
#1265 = ORIENTED_EDGE ( 'NONE', *, *, #319, .T. ) ;
#1266 = CARTESIAN_POINT ( 'NONE',  ( 4.000000000000000000, 0.000000000000000000, 2.000000000000000888 ) ) ;
#1267 = FACE_OUTER_BOUND ( 'NONE', #931, .T. ) ;
#1268 = PRODUCT_DEFINITION_CONTEXT ( 'detailed design', #504, 'design' ) ;
#1269 = EDGE_LOOP ( 'NONE', ( #24, #1500, #1465, #972 ) ) ;
#1270 = CARTESIAN_POINT ( 'NONE',  ( 1.750000000000000000, -1.257674520083185143E-14, -1.000000000000000000 ) ) ;
#1271 = CIRCLE ( 'NONE', #698, 0.5000000000000000000 ) ;
#1272 = CARTESIAN_POINT ( 'NONE',  ( -8.000000000000028422, -3.999999999999944489, 32.00000000000000000 ) ) ;
#1273 = FILL_AREA_STYLE_COLOUR ( '', #1623 ) ;
#1274 =( GEOMETRIC_REPRESENTATION_CONTEXT ( 3 ) GLOBAL_UNCERTAINTY_ASSIGNED_CONTEXT ( ( #381 ) ) GLOBAL_UNIT_ASSIGNED_CONTEXT ( ( #1665, #217, #1281 ) ) REPRESENTATION_CONTEXT ( 'NONE', 'WORKASPACE' ) );
#1275 = CARTESIAN_POINT ( 'NONE',  ( 1.749999999999986233, -2.000000000000012879, -2.999999999999999556 ) ) ;
#1276 = CARTESIAN_POINT ( 'NONE',  ( -7.999999999999972466, 4.000000000000052403, 1.499999999999999778 ) ) ;
#1277 = DIRECTION ( 'NONE',  ( 6.938893903907222067E-15, 1.000000000000000000, 0.000000000000000000 ) ) ;
#1278 = EDGE_CURVE ( 'NONE', #124, #825, #1249, .T. ) ;
#1279 = ORIENTED_EDGE ( 'NONE', *, *, #1065, .F. ) ;
#1280 = STYLED_ITEM ( 'NONE', ( #1703 ), #1489 ) ;
#1281 =( NAMED_UNIT ( * ) SI_UNIT ( $, .STERADIAN. ) SOLID_ANGLE_UNIT ( ) );
#1282 = PRESENTATION_STYLE_ASSIGNMENT (( #71 ) ) ;
#1283 =( GEOMETRIC_REPRESENTATION_CONTEXT ( 3 ) GLOBAL_UNCERTAINTY_ASSIGNED_CONTEXT ( ( #577 ) ) GLOBAL_UNIT_ASSIGNED_CONTEXT ( ( #833, #1669, #1690 ) ) REPRESENTATION_CONTEXT ( 'NONE', 'WORKASPACE' ) );
#1284 = DIRECTION ( 'NONE',  ( 6.573688961596322285E-15, 1.000000000000000000, 0.000000000000000000 ) ) ;
#1285 = FILL_AREA_STYLE ('',( #1254 ) ) ;
#1286 = CARTESIAN_POINT ( 'NONE',  ( -10.25000000000004974, -6.999999999999929834, -3.000000000000000444 ) ) ;
#1287 = ORIENTED_EDGE ( 'NONE', *, *, #1364, .F. ) ;
#1288 = AXIS2_PLACEMENT_3D ( 'NONE', #711, #1701, #781 ) ;
#1289 = DIRECTION ( 'NONE',  ( 6.573688961596322285E-15, 1.000000000000000000, 0.000000000000000000 ) ) ;
#1290 = SURFACE_STYLE_FILL_AREA ( #1537 ) ;
#1291 = CARTESIAN_POINT ( 'NONE',  ( 0.000000000000000000, 4.000000000000000000, 1.499999999999999778 ) ) ;
#1292 = SURFACE_STYLE_FILL_AREA ( #489 ) ;
#1293 = ORIENTED_EDGE ( 'NONE', *, *, #496, .T. ) ;
#1294 = AXIS2_PLACEMENT_3D ( 'NONE', #689, #602, #443 ) ;
#1295 =( NAMED_UNIT ( * ) PLANE_ANGLE_UNIT ( ) SI_UNIT ( $, .RADIAN. ) );
#1296 = STYLED_ITEM ( 'NONE', ( #4 ), #407 ) ;
#1297 =( LENGTH_UNIT ( ) NAMED_UNIT ( * ) SI_UNIT ( .MILLI., .METRE. ) );
#1298 = CARTESIAN_POINT ( 'NONE',  ( -8.000000000000028422, -3.999999999999944489, 1.499999999999999778 ) ) ;
#1299 = PRESENTATION_LAYER_ASSIGNMENT (  '', '', ( #1708 ) ) ;
#1300 = CIRCLE ( 'NONE', #7, 0.5000000000000002220 ) ;
#1301 = PRESENTATION_STYLE_ASSIGNMENT (( #764 ) ) ;
#1302 = EDGE_CURVE ( 'NONE', #1570, #726, #1614, .T. ) ;
#1303 = ORIENTED_EDGE ( 'NONE', *, *, #508, .F. ) ;
#1304 =( NAMED_UNIT ( * ) PLANE_ANGLE_UNIT ( ) SI_UNIT ( $, .RADIAN. ) );
#1305 = DIRECTION ( 'NONE',  ( -1.000000000000000000, 6.938893903907222067E-15, 0.000000000000000000 ) ) ;
#1306 = EDGE_LOOP ( 'NONE', ( #558, #55, #1580, #1287 ) ) ;
#1307 =( NAMED_UNIT ( * ) PLANE_ANGLE_UNIT ( ) SI_UNIT ( $, .RADIAN. ) );
#1308 = DIRECTION ( 'NONE',  ( -1.000000000000000000, 6.982962677686266711E-15, 0.000000000000000000 ) ) ;
#1309 = VECTOR ( 'NONE', #1598, 1000.000000000000000 ) ;
#1310 =( NAMED_UNIT ( * ) SI_UNIT ( $, .STERADIAN. ) SOLID_ANGLE_UNIT ( ) );
#1311 = EDGE_CURVE ( 'NONE', #1478, #462, #1533, .T. ) ;
#1312 = DIRECTION ( 'NONE',  ( -0.000000000000000000, -0.000000000000000000, -1.000000000000000000 ) ) ;
#1313 = ORIENTED_EDGE ( 'NONE', *, *, #561, .F. ) ;
#1314 =( NAMED_UNIT ( * ) SI_UNIT ( $, .STERADIAN. ) SOLID_ANGLE_UNIT ( ) );
#1315 = FILL_AREA_STYLE ('',( #1045 ) ) ;
#1316 = CARTESIAN_POINT ( 'NONE',  ( -9.750000000000000000, 6.808789643208967846E-14, -6.123233995736762338E-17 ) ) ;
#1317 = DIRECTION ( 'NONE',  ( -1.000000000000000000, 0.000000000000000000, 0.000000000000000000 ) ) ;
#1318 = SURFACE_STYLE_FILL_AREA ( #1445 ) ;
#1319 = SURFACE_STYLE_USAGE ( .BOTH. , #358 ) ;
#1320 = ADVANCED_FACE ( 'NONE', ( #729 ), #1007, .T. ) ;
#1321 = ORIENTED_EDGE ( 'NONE', *, *, #1410, .F. ) ;
#1322 = FILL_AREA_STYLE ('',( #223 ) ) ;
#1323 = UNCERTAINTY_MEASURE_WITH_UNIT (LENGTH_MEASURE( 1.000000000000000082E-05 ), #180, 'distance_accuracy_value', 'NONE');
#1324 = FACE_OUTER_BOUND ( 'NONE', #1605, .T. ) ;
#1325 = MECHANICAL_DESIGN_GEOMETRIC_PRESENTATION_REPRESENTATION (  '', ( #1437 ), #1037 ) ;
#1326 = AXIS2_PLACEMENT_3D ( 'NONE', #1572, #1044, #780 ) ;
#1327 = AXIS2_PLACEMENT_3D ( 'NONE', #1380, #1243, #280 ) ;
#1328 = FACE_OUTER_BOUND ( 'NONE', #395, .T. ) ;
#1329 = PRESENTATION_LAYER_ASSIGNMENT (  '', '', ( #1126 ) ) ;
#1330 = AXIS2_PLACEMENT_3D ( 'NONE', #1335, #218, #925 ) ;
#1331 = CARTESIAN_POINT ( 'NONE',  ( -8.000000000000000000, 5.551115123125782702E-14, 1.499999999999999778 ) ) ;
#1332 = EDGE_LOOP ( 'NONE', ( #1656, #829, #683, #851 ) ) ;
#1333 = DIRECTION ( 'NONE',  ( 1.000000000000000000, 0.000000000000000000, 0.000000000000000000 ) ) ;
#1334 = ORIENTED_EDGE ( 'NONE', *, *, #1242, .T. ) ;
#1335 = CARTESIAN_POINT ( 'NONE',  ( -8.000000000000000000, 5.586370142149013368E-14, 0.9999999999999991118 ) ) ;
#1336 = CARTESIAN_POINT ( 'NONE',  ( 4.000000000000000000, 0.000000000000000000, 32.60393381146050018 ) ) ;
#1337 = FILL_AREA_STYLE_COLOUR ( '', #1066 ) ;
#1338 = COLOUR_RGB ( '',1.000000000000000000, 1.000000000000000000, 1.000000000000000000 ) ;
#1339 = ORIENTED_EDGE ( 'NONE', *, *, #1264, .T. ) ;
#1340 = ORIENTED_EDGE ( 'NONE', *, *, #1671, .T. ) ;
#1341 =( NAMED_UNIT ( * ) PLANE_ANGLE_UNIT ( ) SI_UNIT ( $, .RADIAN. ) );
#1342 = CIRCLE ( 'NONE', #1288, 0.5000000000000004441 ) ;
#1343 = SURFACE_SIDE_STYLE ('',( #812 ) ) ;
#1344 = AXIS2_PLACEMENT_3D ( 'NONE', #1331, #1193, #920 ) ;
#1345 = COLOUR_RGB ( '',0.000000000000000000, 0.000000000000000000, 0.5019607843137254832 ) ;
#1346 = ORIENTED_EDGE ( 'NONE', *, *, #1104, .F. ) ;
#1347 =( NAMED_UNIT ( * ) SI_UNIT ( $, .STERADIAN. ) SOLID_ANGLE_UNIT ( ) );
#1348 = ORIENTED_EDGE ( 'NONE', *, *, #437, .T. ) ;
#1349 = DIRECTION ( 'NONE',  ( 6.984544521696091639E-15, 1.000000000000000000, 0.000000000000000000 ) ) ;
#1350 = DIRECTION ( 'NONE',  ( 1.000000000000000000, -6.982962677686266711E-15, -0.000000000000000000 ) ) ;
#1351 = AXIS2_PLACEMENT_3D ( 'NONE', #463, #379, #1333 ) ;
#1352 = EDGE_CURVE ( 'NONE', #1240, #209, #1148, .T. ) ;
#1353 =( NAMED_UNIT ( * ) PLANE_ANGLE_UNIT ( ) SI_UNIT ( $, .RADIAN. ) );
#1354 = MECHANICAL_DESIGN_GEOMETRIC_PRESENTATION_REPRESENTATION (  '', ( #1235 ), #1383 ) ;
#1355 = SURFACE_SIDE_STYLE ('',( #1080 ) ) ;
#1356 =( GEOMETRIC_REPRESENTATION_CONTEXT ( 3 ) GLOBAL_UNCERTAINTY_ASSIGNED_CONTEXT ( ( #1485 ) ) GLOBAL_UNIT_ASSIGNED_CONTEXT ( ( #1510, #1633, #449 ) ) REPRESENTATION_CONTEXT ( 'NONE', 'WORKASPACE' ) );
#1357 = COLOUR_RGB ( '',0.000000000000000000, 0.000000000000000000, 0.5019607843137254832 ) ;
#1358 = ORIENTED_EDGE ( 'NONE', *, *, #1054, .F. ) ;
#1359 = SURFACE_SIDE_STYLE ('',( #520 ) ) ;
#1360 = UNCERTAINTY_MEASURE_WITH_UNIT (LENGTH_MEASURE( 1.000000000000000082E-05 ), #264, 'distance_accuracy_value', 'NONE');
#1361 = ORIENTED_EDGE ( 'NONE', *, *, #1604, .T. ) ;
#1362 = CYLINDRICAL_SURFACE ( 'NONE', #1294, 4.000000000000000000 ) ;
#1363 =( NAMED_UNIT ( * ) PLANE_ANGLE_UNIT ( ) SI_UNIT ( $, .RADIAN. ) );
#1364 = EDGE_CURVE ( 'NONE', #1195, #766, #635, .T. ) ;
#1365 = STYLED_ITEM ( 'NONE', ( #662 ), #1462 ) ;
#1366 = VERTEX_POINT ( 'NONE', #1153 ) ;
#1367 =( NAMED_UNIT ( * ) PLANE_ANGLE_UNIT ( ) SI_UNIT ( $, .RADIAN. ) );
#1368 = COLOUR_RGB ( '',0.000000000000000000, 0.000000000000000000, 0.5019607843137254832 ) ;
#1369 = VERTEX_POINT ( 'NONE', #1534 ) ;
#1370 = CARTESIAN_POINT ( 'NONE',  ( -9.750000000000014211, -1.999999999999932054, -0.9999999999999997780 ) ) ;
#1371 = FILL_AREA_STYLE ('',( #564 ) ) ;
#1372 = CIRCLE ( 'NONE', #616, 4.000000000000000000 ) ;
#1373 = DIRECTION ( 'NONE',  ( 1.000000000000000000, 0.000000000000000000, 0.000000000000000000 ) ) ;
#1374 = CARTESIAN_POINT ( 'NONE',  ( 1.749999999999951150, -7.000000000000013323, -3.000000000000000888 ) ) ;
#1375 = PRESENTATION_STYLE_ASSIGNMENT (( #1654 ) ) ;
#1376 = ADVANCED_FACE ( 'NONE', ( #634 ), #874, .T. ) ;
#1377 = UNCERTAINTY_MEASURE_WITH_UNIT (LENGTH_MEASURE( 1.000000000000000082E-05 ), #1154, 'distance_accuracy_value', 'NONE');
#1378 = CIRCLE ( 'NONE', #618, 0.5000000000000002220 ) ;
#1379 = EDGE_LOOP ( 'NONE', ( #343, #779, #1132, #1427, #278 ) ) ;
#1380 = CARTESIAN_POINT ( 'NONE',  ( 0.000000000000000000, 0.000000000000000000, 1.499999999999999778 ) ) ;
#1381 =( GEOMETRIC_REPRESENTATION_CONTEXT ( 3 ) GLOBAL_UNCERTAINTY_ASSIGNED_CONTEXT ( ( #19 ) ) GLOBAL_UNIT_ASSIGNED_CONTEXT ( ( #514, #99, #1693 ) ) REPRESENTATION_CONTEXT ( 'NONE', 'WORKASPACE' ) );
#1382 = CARTESIAN_POINT ( 'NONE',  ( -12.00000000000000000, 5.586370142149013368E-14, 0.000000000000000000 ) ) ;
#1383 =( GEOMETRIC_REPRESENTATION_CONTEXT ( 3 ) GLOBAL_UNCERTAINTY_ASSIGNED_CONTEXT ( ( #692 ) ) GLOBAL_UNIT_ASSIGNED_CONTEXT ( ( #1464, #256, #125 ) ) REPRESENTATION_CONTEXT ( 'NONE', 'WORKASPACE' ) );
#1384 = CARTESIAN_POINT ( 'NONE',  ( -7.999999999999972466, 4.000000000000055955, 0.9999999999999995559 ) ) ;
#1385 = COLOUR_RGB ( '',0.000000000000000000, 0.000000000000000000, 0.5019607843137254832 ) ;
#1386 = CIRCLE ( 'NONE', #1067, 0.5000000000000002220 ) ;
#1387 = EDGE_LOOP ( 'NONE', ( #1663, #257, #529, #143, #1149, #34 ) ) ;
#1388 = EDGE_CURVE ( 'NONE', #1124, #880, #1713, .T. ) ;
#1389 = DIRECTION ( 'NONE',  ( -6.982962677686266711E-15, -1.000000000000000000, 0.000000000000000000 ) ) ;
#1390 = CARTESIAN_POINT ( 'NONE',  ( -2.793185071074506684E-14, -4.000000000000000000, 32.00000000000000000 ) ) ;
#1391 = CARTESIAN_POINT ( 'NONE',  ( 2.250000000000000444, -1.251551286087448386E-14, -1.000000000000000000 ) ) ;
#1392 = CARTESIAN_POINT ( 'NONE',  ( 1.249999999999986233, -2.000000000000008882, -3.000000000000000444 ) ) ;
#1393 = SURFACE_STYLE_USAGE ( .BOTH. , #276 ) ;
#1394 = EDGE_LOOP ( 'NONE', ( #947, #908, #982, #663 ) ) ;
#1395 = SURFACE_STYLE_FILL_AREA ( #992 ) ;
#1396 = DIRECTION ( 'NONE',  ( 1.000000000000000000, -6.982962677686266711E-15, -0.000000000000000000 ) ) ;
#1397 = ORIENTED_EDGE ( 'NONE', *, *, #488, .T. ) ;
#1398 =( GEOMETRIC_REPRESENTATION_CONTEXT ( 3 ) GLOBAL_UNCERTAINTY_ASSIGNED_CONTEXT ( ( #521 ) ) GLOBAL_UNIT_ASSIGNED_CONTEXT ( ( #1010, #741, #97 ) ) REPRESENTATION_CONTEXT ( 'NONE', 'WORKASPACE' ) );
#1399 = SURFACE_STYLE_USAGE ( .BOTH. , #176 ) ;
#1400 = LINE ( 'NONE', #179, #1457 ) ;
#1401 = EDGE_CURVE ( 'NONE', #38, #1221, #539, .T. ) ;
#1402 = CARTESIAN_POINT ( 'NONE',  ( 1.750000000000003775, 0.4999999999999874545, -1.000000000000000000 ) ) ;
#1403 =( GEOMETRIC_REPRESENTATION_CONTEXT ( 3 ) GLOBAL_UNCERTAINTY_ASSIGNED_CONTEXT ( ( #1662 ) ) GLOBAL_UNIT_ASSIGNED_CONTEXT ( ( #1297, #899, #1035 ) ) REPRESENTATION_CONTEXT ( 'NONE', 'WORKASPACE' ) );
#1404 = DIRECTION ( 'NONE',  ( 1.000000000000000000, 0.000000000000000000, 0.000000000000000000 ) ) ;
#1405 = VERTEX_POINT ( 'NONE', #705 ) ;
#1406 = CYLINDRICAL_SURFACE ( 'NONE', #299, 0.5000000000000004441 ) ;
#1407 = CARTESIAN_POINT ( 'NONE',  ( -8.000000000000000000, 5.586370142149013368E-14, 2.000000000000000000 ) ) ;
#1408 = PRESENTATION_STYLE_ASSIGNMENT (( #847 ) ) ;
#1409 = SURFACE_SIDE_STYLE ('',( #181 ) ) ;
#1410 = EDGE_CURVE ( 'NONE', #825, #1076, #734, .T. ) ;
#1411 = DIRECTION ( 'NONE',  ( 6.984544521696091639E-15, 1.000000000000000000, 0.000000000000000000 ) ) ;
#1412 = CARTESIAN_POINT ( 'NONE',  ( 0.000000000000000000, 0.000000000000000000, 32.60393381146050018 ) ) ;
#1413 = COLOUR_RGB ( '',0.000000000000000000, 0.000000000000000000, 0.5019607843137254832 ) ;
#1414 = MECHANICAL_DESIGN_GEOMETRIC_PRESENTATION_REPRESENTATION (  '', ( #115 ), #797 ) ;
#1415 = ORIENTED_EDGE ( 'NONE', *, *, #42, .T. ) ;
#1416 = CIRCLE ( 'NONE', #273, 0.5000000000000004441 ) ;
#1417 = CARTESIAN_POINT ( 'NONE',  ( -8.000000000000028422, -3.999999999999944489, 2.000000000000000000 ) ) ;
#1418 = ADVANCED_FACE ( 'NONE', ( #1267 ), #450, .T. ) ;
#1419 = VERTEX_POINT ( 'NONE', #1131 ) ;
#1420 = DIRECTION ( 'NONE',  ( -0.000000000000000000, -0.000000000000000000, -1.000000000000000000 ) ) ;
#1421 =( GEOMETRIC_REPRESENTATION_CONTEXT ( 3 ) GLOBAL_UNCERTAINTY_ASSIGNED_CONTEXT ( ( #1323 ) ) GLOBAL_UNIT_ASSIGNED_CONTEXT ( ( #180, #1363, #1630 ) ) REPRESENTATION_CONTEXT ( 'NONE', 'WORKASPACE' ) );
#1422 = PLANE ( 'NONE',  #2 ) ;
#1423 = SURFACE_SIDE_STYLE ('',( #1290 ) ) ;
#1424 = DIRECTION ( 'NONE',  ( -0.000000000000000000, -0.000000000000000000, -1.000000000000000000 ) ) ;
#1425 = CARTESIAN_POINT ( 'NONE',  ( -12.00000000000000000, 5.586370142149013368E-14, -3.043909687039172862 ) ) ;
#1426 = DIRECTION ( 'NONE',  ( 6.938893903907222067E-15, 1.000000000000000000, 0.000000000000000000 ) ) ;
#1427 = ORIENTED_EDGE ( 'NONE', *, *, #980, .T. ) ;
#1428 = EDGE_CURVE ( 'NONE', #954, #1124, #1099, .T. ) ;
#1429 = SURFACE_STYLE_FILL_AREA ( #1682 ) ;
#1430 = DIRECTION ( 'NONE',  ( -3.652049423109068813E-16, -5.100766768294308377E-17, 1.000000000000000000 ) ) ;
#1431 = CARTESIAN_POINT ( 'NONE',  ( -8.000000000000000000, 5.551115123125782702E-14, 1.499999999999999778 ) ) ;
#1432 = DIRECTION ( 'NONE',  ( 1.000000000000000000, -6.982962677686266711E-15, -0.000000000000000000 ) ) ;
#1433 = DIRECTION ( 'NONE',  ( 0.000000000000000000, 0.000000000000000000, -1.000000000000000000 ) ) ;
#1434 = ORIENTED_EDGE ( 'NONE', *, *, #1480, .T. ) ;
#1435 = COLOUR_RGB ( '',0.000000000000000000, 0.000000000000000000, 0.5019607843137254832 ) ;
#1436 = CARTESIAN_POINT ( 'NONE',  ( 1.750000000000000000, -1.257674520083185143E-14, 0.000000000000000000 ) ) ;
#1437 = STYLED_ITEM ( 'NONE', ( #852 ), #544 ) ;
#1438 = EDGE_CURVE ( 'NONE', #1419, #124, #910, .T. ) ;
#1439 = DIRECTION ( 'NONE',  ( -0.000000000000000000, -0.000000000000000000, 1.000000000000000000 ) ) ;
#1440 = CARTESIAN_POINT ( 'NONE',  ( -8.000000000000000000, 5.586370142149013368E-14, 0.000000000000000000 ) ) ;
#1441 = VERTEX_POINT ( 'NONE', #314 ) ;
#1442 = PRESENTATION_STYLE_ASSIGNMENT (( #367 ) ) ;
#1443 = SURFACE_STYLE_USAGE ( .BOTH. , #525 ) ;
#1444 =( GEOMETRIC_REPRESENTATION_CONTEXT ( 3 ) GLOBAL_UNCERTAINTY_ASSIGNED_CONTEXT ( ( #1498 ) ) GLOBAL_UNIT_ASSIGNED_CONTEXT ( ( #88, #1526, #191 ) ) REPRESENTATION_CONTEXT ( 'NONE', 'WORKASPACE' ) );
#1445 = FILL_AREA_STYLE ('',( #914 ) ) ;
#1446 = EDGE_LOOP ( 'NONE', ( #1303, #1635, #1434, #758, #429 ) ) ;
#1447 = DIRECTION ( 'NONE',  ( -0.000000000000000000, -0.000000000000000000, 1.000000000000000000 ) ) ;
#1448 = DIRECTION ( 'NONE',  ( 1.000000000000000000, -6.938893903907225222E-15, 0.000000000000000000 ) ) ;
#1449 = CARTESIAN_POINT ( 'NONE',  ( 4.000000000000000000, 0.000000000000000000, 32.60393381146050018 ) ) ;
#1450 = AXIS2_PLACEMENT_3D ( 'NONE', #1528, #1673, #478 ) ;
#1451 =( LENGTH_UNIT ( ) NAMED_UNIT ( * ) SI_UNIT ( .MILLI., .METRE. ) );
#1452 = PRESENTATION_STYLE_ASSIGNMENT (( #919 ) ) ;
#1453 = ADVANCED_FACE ( 'NONE', ( #1497 ), #36, .F. ) ;
#1454 = ORIENTED_EDGE ( 'NONE', *, *, #1251, .F. ) ;
#1455 = SURFACE_STYLE_USAGE ( .BOTH. , #1699 ) ;
#1456 = UNCERTAINTY_MEASURE_WITH_UNIT (LENGTH_MEASURE( 1.000000000000000082E-05 ), #44, 'distance_accuracy_value', 'NONE');
#1457 = VECTOR ( 'NONE', #719, 1000.000000000000000 ) ;
#1458 = COLOUR_RGB ( '',0.000000000000000000, 0.000000000000000000, 0.5019607843137254832 ) ;
#1459 = AXIS2_PLACEMENT_3D ( 'NONE', #185, #74, #724 ) ;
#1460 =( GEOMETRIC_REPRESENTATION_CONTEXT ( 3 ) GLOBAL_UNCERTAINTY_ASSIGNED_CONTEXT ( ( #1716 ) ) GLOBAL_UNIT_ASSIGNED_CONTEXT ( ( #382, #1307, #1723 ) ) REPRESENTATION_CONTEXT ( 'NONE', 'WORKASPACE' ) );
#1461 =( LENGTH_UNIT ( ) NAMED_UNIT ( * ) SI_UNIT ( .MILLI., .METRE. ) );
#1462 = ADVANCED_FACE ( 'NONE', ( #440 ), #1689, .T. ) ;
#1463 = ORIENTED_EDGE ( 'NONE', *, *, #751, .T. ) ;
#1464 =( LENGTH_UNIT ( ) NAMED_UNIT ( * ) SI_UNIT ( .MILLI., .METRE. ) );
#1465 = ORIENTED_EDGE ( 'NONE', *, *, #900, .F. ) ;
#1466 = AXIS2_PLACEMENT_3D ( 'NONE', #892, #762, #79 ) ;
#1467 = DIRECTION ( 'NONE',  ( 0.000000000000000000, -1.000000000000000000, 0.000000000000000000 ) ) ;
#1468 = SURFACE_STYLE_FILL_AREA ( #1184 ) ;
#1469 = AXIS2_PLACEMENT_3D ( 'NONE', #912, #793, #1317 ) ;
#1470 = CARTESIAN_POINT ( 'NONE',  ( 2.249999999999986233, -2.000000000000015543, -3.000000000000000444 ) ) ;
#1471 = ORIENTED_EDGE ( 'NONE', *, *, #142, .T. ) ;
#1472 = EDGE_LOOP ( 'NONE', ( #150, #678 ) ) ;
#1473 = ADVANCED_FACE ( 'NONE', ( #476 ), #565, .F. ) ;
#1474 = CARTESIAN_POINT ( 'NONE',  ( 0.000000000000000000, 4.000000000000000000, 1.499999999999999778 ) ) ;
#1475 = FILL_AREA_STYLE_COLOUR ( '', #1458 ) ;
#1476 =( LENGTH_UNIT ( ) NAMED_UNIT ( * ) SI_UNIT ( .MILLI., .METRE. ) );
#1477 = STYLED_ITEM ( 'NONE', ( #1048 ), #1210 ) ;
#1478 = VERTEX_POINT ( 'NONE', #743 ) ;
#1479 = EDGE_LOOP ( 'NONE', ( #1643, #1119, #507, #619 ) ) ;
#1480 = EDGE_CURVE ( 'NONE', #1228, #38, #120, .T. ) ;
#1481 = STYLED_ITEM ( 'NONE', ( #400 ), #455 ) ;
#1482 = AXIS2_PLACEMENT_3D ( 'NONE', #1539, #859, #596 ) ;
#1483 = ORIENTED_EDGE ( 'NONE', *, *, #1610, .F. ) ;
#1484 = FACE_OUTER_BOUND ( 'NONE', #739, .T. ) ;
#1485 = UNCERTAINTY_MEASURE_WITH_UNIT (LENGTH_MEASURE( 1.000000000000000082E-05 ), #1510, 'distance_accuracy_value', 'NONE');
#1486 = ORIENTED_EDGE ( 'NONE', *, *, #1684, .T. ) ;
#1487 = DIRECTION ( 'NONE',  ( -6.938893903907226011E-15, -1.000000000000000000, 0.000000000000000000 ) ) ;
#1488 =( LENGTH_UNIT ( ) NAMED_UNIT ( * ) SI_UNIT ( .MILLI., .METRE. ) );
#1489 = ADVANCED_FACE ( 'NONE', ( #1171 ), #484, .T. ) ;
#1490 = CIRCLE ( 'NONE', #282, 2.500000000000000888 ) ;
#1491 = CARTESIAN_POINT ( 'NONE',  ( 0.000000000000000000, 0.000000000000000000, 1.499999999999999778 ) ) ;
#1492 = SURFACE_STYLE_USAGE ( .BOTH. , #1359 ) ;
#1493 = ORIENTED_EDGE ( 'NONE', *, *, #18, .T. ) ;
#1494 = FILL_AREA_STYLE_COLOUR ( '', #475 ) ;
#1495 = EDGE_CURVE ( 'NONE', #46, #262, #103, .T. ) ;
#1496 = DIRECTION ( 'NONE',  ( -1.000000000000000000, 6.984544521696091639E-15, 0.000000000000000000 ) ) ;
#1497 = FACE_OUTER_BOUND ( 'NONE', #889, .T. ) ;
#1498 = UNCERTAINTY_MEASURE_WITH_UNIT (LENGTH_MEASURE( 1.000000000000000082E-05 ), #88, 'distance_accuracy_value', 'NONE');
#1499 = AXIS2_PLACEMENT_3D ( 'NONE', #310, #8, #394 ) ;
#1500 = ORIENTED_EDGE ( 'NONE', *, *, #913, .F. ) ;
#1501 = FACE_OUTER_BOUND ( 'NONE', #134, .T. ) ;
#1502 = CARTESIAN_POINT ( 'NONE',  ( 0.000000000000000000, 0.000000000000000000, 1.499999999999999778 ) ) ;
#1503 =( NAMED_UNIT ( * ) PLANE_ANGLE_UNIT ( ) SI_UNIT ( $, .RADIAN. ) );
#1504 = DIRECTION ( 'NONE',  ( 6.982962677686266711E-15, 1.000000000000000000, -0.000000000000000000 ) ) ;
#1505 = LINE ( 'NONE', #885, #391 ) ;
#1506 = CIRCLE ( 'NONE', #246, 0.5000000000000004441 ) ;
#1507 = FILL_AREA_STYLE ('',( #702 ) ) ;
#1508 = FILL_AREA_STYLE ('',( #1022 ) ) ;
#1509 = MECHANICAL_DESIGN_GEOMETRIC_PRESENTATION_REPRESENTATION (  '', ( #1708 ), #1012 ) ;
#1510 =( LENGTH_UNIT ( ) NAMED_UNIT ( * ) SI_UNIT ( .MILLI., .METRE. ) );
#1511 = DIRECTION ( 'NONE',  ( -1.000000000000000000, 6.982962677686266711E-15, 0.000000000000000000 ) ) ;
#1512 = PRESENTATION_LAYER_ASSIGNMENT (  '', '', ( #1679 ) ) ;
#1513 = ORIENTED_EDGE ( 'NONE', *, *, #1495, .T. ) ;
#1514 = EDGE_CURVE ( 'NONE', #897, #1058, #1631, .T. ) ;
#1515 = AXIS2_PLACEMENT_3D ( 'NONE', #979, #1511, #1256 ) ;
#1516 = CARTESIAN_POINT ( 'NONE',  ( 4.000000000000000000, 0.000000000000000000, 1.000000000000000888 ) ) ;
#1517 = FILL_AREA_STYLE ('',( #1525 ) ) ;
#1518 = PRESENTATION_STYLE_ASSIGNMENT (( #989 ) ) ;
#1519 = ORIENTED_EDGE ( 'NONE', *, *, #1388, .F. ) ;
#1520 = MECHANICAL_DESIGN_GEOMETRIC_PRESENTATION_REPRESENTATION (  '', ( #1246 ), #1049 ) ;
#1521 = UNCERTAINTY_MEASURE_WITH_UNIT (LENGTH_MEASURE( 1.000000000000000082E-05 ), #1451, 'distance_accuracy_value', 'NONE');
#1522 = ORIENTED_EDGE ( 'NONE', *, *, #900, .T. ) ;
#1523 = ADVANCED_FACE ( 'NONE', ( #492 ), #1666, .T. ) ;
#1524 = FACE_OUTER_BOUND ( 'NONE', #1204, .T. ) ;
#1525 = FILL_AREA_STYLE_COLOUR ( '', #1435 ) ;
#1526 =( NAMED_UNIT ( * ) PLANE_ANGLE_UNIT ( ) SI_UNIT ( $, .RADIAN. ) );
#1527 = FILL_AREA_STYLE ('',( #1273 ) ) ;
#1528 = CARTESIAN_POINT ( 'NONE',  ( 1.750000000000000000, -1.257674520083185143E-14, 0.000000000000000000 ) ) ;
#1529 = MECHANICAL_DESIGN_GEOMETRIC_PRESENTATION_REPRESENTATION (  '', ( #21 ), #1081 ) ;
#1530 = SURFACE_STYLE_FILL_AREA ( #837 ) ;
#1531 = ORIENTED_EDGE ( 'NONE', *, *, #651, .T. ) ;
#1532 =( NAMED_UNIT ( * ) PLANE_ANGLE_UNIT ( ) SI_UNIT ( $, .RADIAN. ) );
#1533 = CIRCLE ( 'NONE', #1057, 4.000000000000000000 ) ;
#1534 = CARTESIAN_POINT ( 'NONE',  ( -9.250000000000014211, -1.999999999999936717, -3.000000000000000444 ) ) ;
#1535 = PRESENTATION_LAYER_ASSIGNMENT (  '', '', ( #1229 ) ) ;
#1536 = FILL_AREA_STYLE ('',( #318 ) ) ;
#1537 = FILL_AREA_STYLE ('',( #347 ) ) ;
#1538 = DIRECTION ( 'NONE',  ( 1.000000000000000000, 0.000000000000000000, 0.000000000000000000 ) ) ;
#1539 = CARTESIAN_POINT ( 'NONE',  ( 0.000000000000000000, 0.000000000000000000, 32.60393381146050018 ) ) ;
#1540 = CIRCLE ( 'NONE', #1675, 0.5000000000000000000 ) ;
#1541 = COLOUR_RGB ( '',0.000000000000000000, 0.000000000000000000, 0.5019607843137254832 ) ;
#1542 = ORIENTED_EDGE ( 'NONE', *, *, #961, .F. ) ;
#1543 = CARTESIAN_POINT ( 'NONE',  ( -9.750000000000000000, 6.808789643208967846E-14, -8.673617379884035472E-16 ) ) ;
#1544 = AXIS2_PLACEMENT_3D ( 'NONE', #204, #732, #72 ) ;
#1545 = CIRCLE ( 'NONE', #417, 0.5000000000000004441 ) ;
#1546 = DIRECTION ( 'NONE',  ( 0.000000000000000000, 0.000000000000000000, 1.000000000000000000 ) ) ;
#1547 = FILL_AREA_STYLE ('',( #470 ) ) ;
#1548 = DIRECTION ( 'NONE',  ( 1.000000000000000000, -6.938893903907222067E-15, 0.000000000000000000 ) ) ;
#1549 = CARTESIAN_POINT ( 'NONE',  ( -9.750000000000000000, -0.4999999999999323319, -1.000000000000000888 ) ) ;
#1550 = FILL_AREA_STYLE_COLOUR ( '', #963 ) ;
#1551 = LINE ( 'NONE', #1425, #921 ) ;
#1552 = EDGE_CURVE ( 'NONE', #1606, #844, #1098, .T. ) ;
#1553 = DIRECTION ( 'NONE',  ( 0.000000000000000000, 0.000000000000000000, 1.000000000000000000 ) ) ;
#1554 = ORIENTED_EDGE ( 'NONE', *, *, #1077, .F. ) ;
#1555 = CARTESIAN_POINT ( 'NONE',  ( 0.000000000000000000, 0.000000000000000000, 1.499999999999999778 ) ) ;
#1556 = MECHANICAL_DESIGN_GEOMETRIC_PRESENTATION_REPRESENTATION (  '', ( #777 ), #884 ) ;
#1557 = FILL_AREA_STYLE_COLOUR ( '', #207 ) ;
#1558 = SURFACE_SIDE_STYLE ('',( #327 ) ) ;
#1559 = DIRECTION ( 'NONE',  ( 1.000000000000000000, -6.982962677686266711E-15, -0.000000000000000000 ) ) ;
#1560 = DIRECTION ( 'NONE',  ( -6.938893903907228378E-15, -1.000000000000000000, 1.734723475976807341E-16 ) ) ;
#1561 =( LENGTH_UNIT ( ) NAMED_UNIT ( * ) SI_UNIT ( .MILLI., .METRE. ) );
#1562 = DIRECTION ( 'NONE',  ( 0.000000000000000000, 0.000000000000000000, -1.000000000000000000 ) ) ;
#1563 = DIRECTION ( 'NONE',  ( -1.000000000000000000, 6.982962677686266711E-15, 0.000000000000000000 ) ) ;
#1564 = EDGE_CURVE ( 'NONE', #262, #938, #510, .T. ) ;
#1565 = ORIENTED_EDGE ( 'NONE', *, *, #642, .T. ) ;
#1566 = CIRCLE ( 'NONE', #182, 0.5000000000000002220 ) ;
#1567 = LINE ( 'NONE', #499, #350 ) ;
#1568 = SURFACE_SIDE_STYLE ('',( #1429 ) ) ;
#1569 = SURFACE_SIDE_STYLE ('',( #1292 ) ) ;
#1570 = VERTEX_POINT ( 'NONE', #1206 ) ;
#1571 = PRESENTATION_LAYER_ASSIGNMENT (  '', '', ( #591 ) ) ;
#1572 = CARTESIAN_POINT ( 'NONE',  ( -8.000000000000028422, -3.999999999999944489, 1.499999999999999778 ) ) ;
#1573 = MECHANICAL_DESIGN_GEOMETRIC_PRESENTATION_REPRESENTATION (  '', ( #300 ), #63 ) ;
#1574 = SURFACE_STYLE_FILL_AREA ( #1315 ) ;
#1575 = SURFACE_STYLE_FILL_AREA ( #782 ) ;
#1576 = STYLED_ITEM ( 'NONE', ( #645 ), #121 ) ;
#1577 = LINE ( 'NONE', #253, #805 ) ;
#1578 = FACE_OUTER_BOUND ( 'NONE', #1306, .T. ) ;
#1579 = FACE_OUTER_BOUND ( 'NONE', #1586, .T. ) ;
#1580 = ORIENTED_EDGE ( 'NONE', *, *, #263, .F. ) ;
#1581 = FACE_OUTER_BOUND ( 'NONE', #378, .T. ) ;
#1582 = CARTESIAN_POINT ( 'NONE',  ( -11.50000000000000000, 5.551115123125782702E-14, 1.499999999999999778 ) ) ;
#1583 = DIRECTION ( 'NONE',  ( 0.000000000000000000, 0.000000000000000000, -1.000000000000000000 ) ) ;
#1584 = EDGE_CURVE ( 'NONE', #1405, #462, #1191, .T. ) ;
#1585 = DIRECTION ( 'NONE',  ( -1.000000000000000000, 6.982962677686266711E-15, 0.000000000000000000 ) ) ;
#1586 = EDGE_LOOP ( 'NONE', ( #1609, #639, #1082, #1203 ) ) ;
#1587 =( LENGTH_UNIT ( ) NAMED_UNIT ( * ) SI_UNIT ( .MILLI., .METRE. ) );
#1588 = LINE ( 'NONE', #1449, #928 ) ;
#1589 = COLOUR_RGB ( '',0.7921568627450980005, 0.8196078431372548767, 0.9333333333333333481 ) ;
#1590 = DIRECTION ( 'NONE',  ( 1.000000000000000000, 0.000000000000000000, 0.000000000000000000 ) ) ;
#1591 = PRESENTATION_LAYER_ASSIGNMENT (  '', '', ( #1173 ) ) ;
#1592 = AXIS2_PLACEMENT_3D ( 'NONE', #708, #581, #973 ) ;
#1593 = SURFACE_SIDE_STYLE ('',( #1175 ) ) ;
#1594 = ORIENTED_EDGE ( 'NONE', *, *, #1302, .F. ) ;
#1595 = FACE_OUTER_BOUND ( 'NONE', #1714, .T. ) ;
#1596 = SURFACE_STYLE_USAGE ( .BOTH. , #569 ) ;
#1597 = STYLED_ITEM ( 'NONE', ( #168 ), #516 ) ;
#1598 = DIRECTION ( 'NONE',  ( 1.000000000000000000, -6.982962677686266711E-15, -0.000000000000000000 ) ) ;
#1599 = AXIS2_PLACEMENT_3D ( 'NONE', #290, #393, #260 ) ;
#1600 = PRESENTATION_STYLE_ASSIGNMENT (( #927 ) ) ;
#1601 = CIRCLE ( 'NONE', #361, 0.5000000000000004441 ) ;
#1602 = PRESENTATION_LAYER_ASSIGNMENT (  '', '', ( #769 ) ) ;
#1603 = FILL_AREA_STYLE ('',( #601 ) ) ;
#1604 = EDGE_CURVE ( 'NONE', #1096, #255, #341, .T. ) ;
#1605 = EDGE_LOOP ( 'NONE', ( #519, #50, #687, #1513, #1187, #1050 ) ) ;
#1606 = VERTEX_POINT ( 'NONE', #501 ) ;
#1607 = SURFACE_STYLE_FILL_AREA ( #665 ) ;
#1608 = AXIS2_PLACEMENT_3D ( 'NONE', #1694, #1144, #1013 ) ;
#1609 = ORIENTED_EDGE ( 'NONE', *, *, #952, .F. ) ;
#1610 = EDGE_CURVE ( 'NONE', #1405, #726, #1577, .T. ) ;
#1611 = VERTEX_POINT ( 'NONE', #375 ) ;
#1612 = DIRECTION ( 'NONE',  ( -0.000000000000000000, -0.000000000000000000, -1.000000000000000000 ) ) ;
#1613 = VECTOR ( 'NONE', #172, 1000.000000000000000 ) ;
#1614 = CIRCLE ( 'NONE', #323, 4.000000000000000000 ) ;
#1615 = ORIENTED_EDGE ( 'NONE', *, *, #913, .T. ) ;
#1616 = CARTESIAN_POINT ( 'NONE',  ( 0.000000000000000000, 0.000000000000000000, 1.499999999999999778 ) ) ;
#1617 = SURFACE_STYLE_USAGE ( .BOTH. , #279 ) ;
#1618 = EDGE_CURVE ( 'NONE', #766, #1478, #803, .T. ) ;
#1619 = PRESENTATION_LAYER_ASSIGNMENT (  '', '', ( #1597 ) ) ;
#1620 = DIRECTION ( 'NONE',  ( -6.982962677686266711E-15, -1.000000000000000000, 0.000000000000000000 ) ) ;
#1621 = PRESENTATION_LAYER_ASSIGNMENT (  '', '', ( #647 ) ) ;
#1622 = COLOUR_RGB ( '',1.000000000000000000, 1.000000000000000000, 1.000000000000000000 ) ;
#1623 = COLOUR_RGB ( '',0.000000000000000000, 0.000000000000000000, 0.5019607843137254832 ) ;
#1624 = ORIENTED_EDGE ( 'NONE', *, *, #642, .F. ) ;
#1625 = UNCERTAINTY_MEASURE_WITH_UNIT (LENGTH_MEASURE( 1.000000000000000082E-05 ), #418, 'distance_accuracy_value', 'NONE');
#1626 = ORIENTED_EDGE ( 'NONE', *, *, #1410, .T. ) ;
#1627 = LINE ( 'NONE', #817, #62 ) ;
#1628 = DIRECTION ( 'NONE',  ( -0.000000000000000000, -0.000000000000000000, 1.000000000000000000 ) ) ;
#1629 = DIRECTION ( 'NONE',  ( -1.000000000000000000, 0.000000000000000000, 0.000000000000000000 ) ) ;
#1630 =( NAMED_UNIT ( * ) SI_UNIT ( $, .STERADIAN. ) SOLID_ANGLE_UNIT ( ) );
#1631 = CIRCLE ( 'NONE', #1075, 1.500000000000000000 ) ;
#1632 = ORIENTED_EDGE ( 'NONE', *, *, #1065, .T. ) ;
#1633 =( NAMED_UNIT ( * ) PLANE_ANGLE_UNIT ( ) SI_UNIT ( $, .RADIAN. ) );
#1634 =( LENGTH_UNIT ( ) NAMED_UNIT ( * ) SI_UNIT ( .MILLI., .METRE. ) );
#1635 = ORIENTED_EDGE ( 'NONE', *, *, #293, .T. ) ;
#1636 =( NAMED_UNIT ( * ) SI_UNIT ( $, .STERADIAN. ) SOLID_ANGLE_UNIT ( ) );
#1637 = CARTESIAN_POINT ( 'NONE',  ( 0.000000000000000000, 4.000000000000000000, 32.00000000000000000 ) ) ;
#1638 = CARTESIAN_POINT ( 'NONE',  ( 1.749999999999986233, -2.000000000000012434, -1.000000000000000000 ) ) ;
#1639 = AXIS2_PLACEMENT_3D ( 'NONE', #236, #1031, #123 ) ;
#1640 = ORIENTED_EDGE ( 'NONE', *, *, #774, .F. ) ;
#1641 = SURFACE_STYLE_USAGE ( .BOTH. , #439 ) ;
#1642 = DIRECTION ( 'NONE',  ( -1.000000000000000000, 6.938893903907222067E-15, 0.000000000000000000 ) ) ;
#1643 = ORIENTED_EDGE ( 'NONE', *, *, #377, .T. ) ;
#1644 = DIRECTION ( 'NONE',  ( -6.938893903907228378E-15, -1.000000000000000000, 1.734723475976807341E-16 ) ) ;
#1645 = DIRECTION ( 'NONE',  ( 1.000000000000000000, 0.000000000000000000, 0.000000000000000000 ) ) ;
#1646 = DIRECTION ( 'NONE',  ( 1.000000000000000000, 0.000000000000000000, 0.000000000000000000 ) ) ;
#1647 = AXIS2_PLACEMENT_3D ( 'NONE', #1070, #934, #153 ) ;
#1648 = PRESENTATION_LAYER_ASSIGNMENT (  '', '', ( #1437 ) ) ;
#1649 = CIRCLE ( 'NONE', #139, 3.500000000000000000 ) ;
#1650 = PRESENTATION_STYLE_ASSIGNMENT (( #1147 ) ) ;
#1651 = DIRECTION ( 'NONE',  ( -0.000000000000000000, -0.000000000000000000, 1.000000000000000000 ) ) ;
#1652 =( GEOMETRIC_REPRESENTATION_CONTEXT ( 3 ) GLOBAL_UNCERTAINTY_ASSIGNED_CONTEXT ( ( #949 ) ) GLOBAL_UNIT_ASSIGNED_CONTEXT ( ( #135, #1367, #939 ) ) REPRESENTATION_CONTEXT ( 'NONE', 'WORKASPACE' ) );
#1653 = VECTOR ( 'NONE', #312, 1000.000000000000000 ) ;
#1654 = SURFACE_STYLE_USAGE ( .BOTH. , #67 ) ;
#1655 = ADVANCED_FACE ( 'NONE', ( #515 ), #818, .T. ) ;
#1656 = ORIENTED_EDGE ( 'NONE', *, *, #488, .F. ) ;
#1657 = AXIS2_PLACEMENT_3D ( 'NONE', #1412, #48, #1404 ) ;
#1658 = CARTESIAN_POINT ( 'NONE',  ( 2.249999999999986233, -2.000000000000016431, -3.000000000000000888 ) ) ;
#1659 = CARTESIAN_POINT ( 'NONE',  ( -8.000000000000000000, 5.586370142149013368E-14, 0.9999999999999991118 ) ) ;
#1660 =( NAMED_UNIT ( * ) PLANE_ANGLE_UNIT ( ) SI_UNIT ( $, .RADIAN. ) );
#1661 = FILL_AREA_STYLE ('',( #597 ) ) ;
#1662 = UNCERTAINTY_MEASURE_WITH_UNIT (LENGTH_MEASURE( 1.000000000000000082E-05 ), #1297, 'distance_accuracy_value', 'NONE');
#1663 = ORIENTED_EDGE ( 'NONE', *, *, #798, .F. ) ;
#1664 = DIRECTION ( 'NONE',  ( -1.000000000000000000, 6.982962677686266711E-15, 0.000000000000000000 ) ) ;
#1665 =( LENGTH_UNIT ( ) NAMED_UNIT ( * ) SI_UNIT ( .MILLI., .METRE. ) );
#1666 = CYLINDRICAL_SURFACE ( 'NONE', #1469, 0.5000000000000000000 ) ;
#1667 =( NAMED_UNIT ( * ) SI_UNIT ( $, .STERADIAN. ) SOLID_ANGLE_UNIT ( ) );
#1668 = EDGE_LOOP ( 'NONE', ( #3, #1486, #574, #1, #578 ) ) ;
#1669 =( NAMED_UNIT ( * ) PLANE_ANGLE_UNIT ( ) SI_UNIT ( $, .RADIAN. ) );
#1670 = DIRECTION ( 'NONE',  ( -1.000000000000000000, 6.982962677686266711E-15, 0.000000000000000000 ) ) ;
#1671 = EDGE_CURVE ( 'NONE', #1025, #848, #1691, .T. ) ;
#1672 = DIRECTION ( 'NONE',  ( 0.000000000000000000, 0.000000000000000000, 1.000000000000000000 ) ) ;
#1673 = DIRECTION ( 'NONE',  ( 0.000000000000000000, 0.000000000000000000, -1.000000000000000000 ) ) ;
#1674 = CARTESIAN_POINT ( 'NONE',  ( -7.999999999999972466, 4.000000000000052403, 1.499999999999999778 ) ) ;
#1675 = AXIS2_PLACEMENT_3D ( 'NONE', #1001, #1110, #983 ) ;
#1676 = PRESENTATION_LAYER_ASSIGNMENT (  '', '', ( #1711 ) ) ;
#1677 = ORIENTED_EDGE ( 'NONE', *, *, #1364, .T. ) ;
#1678 = STYLED_ITEM ( 'NONE', ( #1686 ), #828 ) ;
#1679 = STYLED_ITEM ( 'NONE', ( #1408 ), #247 ) ;
#1680 = PRESENTATION_STYLE_ASSIGNMENT (( #1260 ) ) ;
#1681 = CYLINDRICAL_SURFACE ( 'NONE', #117, 4.000000000000000000 ) ;
#1682 = FILL_AREA_STYLE ('',( #1004 ) ) ;
#1683 = EDGE_LOOP ( 'NONE', ( #1033, #23, #1626, #841, #248 ) ) ;
#1684 = EDGE_CURVE ( 'NONE', #406, #1419, #1490, .T. ) ;
#1685 = DIRECTION ( 'NONE',  ( -1.000000000000000000, 6.938893903907222067E-15, 0.000000000000000000 ) ) ;
#1686 = PRESENTATION_STYLE_ASSIGNMENT (( #1024 ) ) ;
#1687 = ORIENTED_EDGE ( 'NONE', *, *, #1352, .F. ) ;
#1688 = DIRECTION ( 'NONE',  ( 6.984544521696091639E-15, 1.000000000000000000, 0.000000000000000000 ) ) ;
#1689 = TOROIDAL_SURFACE ( 'NONE', #45, 2.000000000000000000, 0.5000000000000000000 ) ;
#1690 =( NAMED_UNIT ( * ) SI_UNIT ( $, .STERADIAN. ) SOLID_ANGLE_UNIT ( ) );
#1691 = CIRCLE ( 'NONE', #746, 0.5000000000000002220 ) ;
#1692 = DIRECTION ( 'NONE',  ( 6.938893903907222067E-15, 1.000000000000000000, 0.000000000000000000 ) ) ;
#1693 =( NAMED_UNIT ( * ) SI_UNIT ( $, .STERADIAN. ) SOLID_ANGLE_UNIT ( ) );
#1694 = CARTESIAN_POINT ( 'NONE',  ( -7.999999999999972466, 4.000000000000055955, 32.00000000000000000 ) ) ;
#1695 = CARTESIAN_POINT ( 'NONE',  ( 3.500000000000000000, 0.000000000000000000, 1.499999999999999778 ) ) ;
#1696 = PRODUCT_DEFINITION ( 'UNKNOWN', '', #658, #1268 ) ;
#1697 = EDGE_CURVE ( 'NONE', #848, #462, #41, .T. ) ;
#1698 = EDGE_LOOP ( 'NONE', ( #1105, #1000, #1483, #1248 ) ) ;
#1699 = SURFACE_SIDE_STYLE ('',( #1715 ) ) ;
#1700 = AXIS2_PLACEMENT_3D ( 'NONE', #1275, #1411, #183 ) ;
#1701 = DIRECTION ( 'NONE',  ( -3.652049423109068813E-16, -5.100766768294308377E-17, 1.000000000000000000 ) ) ;
#1702 = FACE_BOUND ( 'NONE', #1090, .T. ) ;
#1703 = PRESENTATION_STYLE_ASSIGNMENT (( #339 ) ) ;
#1704 = VERTEX_POINT ( 'NONE', #853 ) ;
#1705 = CIRCLE ( 'NONE', #693, 3.499999999999999556 ) ;
#1706 = FILL_AREA_STYLE ('',( #644 ) ) ;
#1707 = ADVANCED_FACE ( 'NONE', ( #421 ), #840, .F. ) ;
#1708 = STYLED_ITEM ( 'NONE', ( #232 ), #624 ) ;
#1709 = SURFACE_SIDE_STYLE ('',( #1575 ) ) ;
#1710 = AXIS2_PLACEMENT_3D ( 'NONE', #1136, #1284, #466 ) ;
#1711 = STYLED_ITEM ( 'NONE', ( #1600 ), #108 ) ;
#1712 = FILL_AREA_STYLE ('',( #1030 ) ) ;
#1713 = CIRCLE ( 'NONE', #49, 0.5000000000000004441 ) ;
#1714 = EDGE_LOOP ( 'NONE', ( #390, #1519, #1415, #923 ) ) ;
#1715 = SURFACE_STYLE_FILL_AREA ( #110 ) ;
#1716 = UNCERTAINTY_MEASURE_WITH_UNIT (LENGTH_MEASURE( 1.000000000000000082E-05 ), #382, 'distance_accuracy_value', 'NONE');
#1717 = COLOUR_RGB ( '',1.000000000000000000, 1.000000000000000000, 1.000000000000000000 ) ;
#1718 = PRODUCT_DEFINITION_SHAPE ( 'NONE', 'NONE',  #1696 ) ;
#1719 = CARTESIAN_POINT ( 'NONE',  ( 0.000000000000000000, 0.000000000000000000, 0.000000000000000000 ) ) ;
#1720 =( NAMED_UNIT ( * ) PLANE_ANGLE_UNIT ( ) SI_UNIT ( $, .RADIAN. ) );
#1721 = ORIENTED_EDGE ( 'NONE', *, *, #1618, .T. ) ;
#1722 = ORIENTED_EDGE ( 'NONE', *, *, #1697, .T. ) ;
#1723 =( NAMED_UNIT ( * ) SI_UNIT ( $, .STERADIAN. ) SOLID_ANGLE_UNIT ( ) );
#1724 = DIRECTION ( 'NONE',  ( -0.000000000000000000, -0.000000000000000000, 1.000000000000000000 ) ) ;
#1725 =( LENGTH_UNIT ( ) NAMED_UNIT ( * ) SI_UNIT ( .MILLI., .METRE. ) );
#1726 = EDGE_CURVE ( 'NONE', #83, #1025, #778, .T. ) ;
ENDSEC;
END-ISO-10303-21;
